x-axis,1,2
second,Volt,Volt
-25.00000E+00,-20.10E-03,+20.10E-03
-24.97500E+00,-10.05E-03,-25.13E-03
-24.95000E+00,+10.05E-03,-20.10E-03
-24.92500E+00,-15.08E-03,-5.03E-03
-24.90000E+00,+0.0E+00,-40.20E-03
-24.87500E+00,+10.05E-03,-20.10E-03
-24.85000E+00,-20.10E-03,+0.0E+00
-24.82500E+00,-20.10E-03,-40.20E-03
-24.80000E+00,-20.10E-03,-20.10E-03
-24.77500E+00,-20.10E-03,-15.08E-03
-24.75000E+00,-20.10E-03,-10.05E-03
-24.72500E+00,-25.13E-03,-15.08E-03
-24.70000E+00,-0.0E+00,-20.10E-03
-24.67500E+00,-30.15E-03,-25.13E-03
-24.65000E+00,+0.0E+00,-20.10E-03
-24.62500E+00,-5.03E-03,-25.13E-03
-24.60000E+00,+0.0E+00,-20.10E-03
-24.57500E+00,+0.0E+00,-45.23E-03
-24.55000E+00,+0.0E+00,-20.10E-03
-24.52500E+00,-30.15E-03,-15.08E-03
-24.50000E+00,-0.0E+00,-20.10E-03
-24.47500E+00,-5.03E-03,-15.08E-03
-24.45000E+00,-30.15E-03,-10.05E-03
-24.42500E+00,+5.03E-03,-35.18E-03
-24.40000E+00,-20.10E-03,-20.10E-03
-24.37500E+00,-15.08E-03,-25.13E-03
-24.35000E+00,+0.0E+00,-20.10E-03
-24.32500E+00,-10.05E-03,-15.08E-03
-24.30000E+00,-0.0E+00,-20.10E-03
-24.27500E+00,-5.03E-03,-20.10E-03
-24.25000E+00,-20.10E-03,-30.15E-03
-24.22500E+00,-35.18E-03,-15.08E-03
-24.20000E+00,-0.0E+00,-20.10E-03
-24.17500E+00,+5.03E-03,-20.10E-03
-24.15000E+00,-20.10E-03,-20.10E-03
-24.12500E+00,-20.10E-03,-20.10E-03
-24.10000E+00,-20.10E-03,-0.0E+00
-24.07500E+00,-5.03E-03,-25.13E-03
-24.05000E+00,-30.15E-03,+0.0E+00
-24.02500E+00,+0.0E+00,-20.10E-03
-24.00000E+00,-20.10E-03,-20.10E-03
-23.97500E+00,-15.08E-03,-35.18E-03
-23.95000E+00,-20.10E-03,-30.15E-03
-23.92500E+00,+0.0E+00,-55.28E-03
-23.90000E+00,-0.0E+00,-20.10E-03
-23.87500E+00,+0.0E+00,-15.08E-03
-23.85000E+00,+0.0E+00,-30.15E-03
-23.82500E+00,-30.15E-03,-20.10E-03
-23.80000E+00,-40.20E-03,-20.10E-03
-23.77500E+00,+10.05E-03,-25.13E-03
-23.75000E+00,-30.15E-03,-10.05E-03
-23.72500E+00,-20.10E-03,+10.05E-03
-23.70000E+00,-0.0E+00,-40.20E-03
-23.67500E+00,-25.13E-03,-45.23E-03
-23.65000E+00,-20.10E-03,-20.10E-03
-23.62500E+00,-15.08E-03,-20.10E-03
-23.60000E+00,-0.0E+00,-0.0E+00
-23.57500E+00,-10.05E-03,-20.10E-03
-23.55000E+00,-10.05E-03,-30.15E-03
-23.52500E+00,-30.15E-03,+0.0E+00
-23.50000E+00,+1.42714E+00,-80.40E-03
-23.47500E+00,+1.32663E+00,-216.08E-03
-23.45000E+00,+1.22613E+00,-311.56E-03
-23.42500E+00,+1.12563E+00,-396.98E-03
-23.40000E+00,+1.08543E+00,-482.41E-03
-23.37500E+00,+1.00503E+00,-547.74E-03
-23.35000E+00,+934.67E-03,-623.12E-03
-23.32500E+00,+849.25E-03,-648.24E-03
-23.30000E+00,+804.02E-03,-743.72E-03
-23.27500E+00,+793.97E-03,-768.84E-03
-23.25000E+00,+713.57E-03,-793.97E-03
-23.22500E+00,+703.52E-03,-849.25E-03
-23.20000E+00,+663.32E-03,-904.52E-03
-23.17500E+00,+628.14E-03,-904.52E-03
-23.15000E+00,+603.02E-03,-944.72E-03
-23.12500E+00,+567.84E-03,-949.75E-03
-23.10000E+00,+542.71E-03,-984.92E-03
-23.07500E+00,+542.71E-03,-1.00000E+00
-23.05000E+00,+522.61E-03,-1.01508E+00
-23.02500E+00,+487.44E-03,-1.04523E+00
-23.00000E+00,+502.51E-03,-1.04523E+00
-22.97500E+00,+482.41E-03,-1.08040E+00
-22.95000E+00,+452.26E-03,-1.07538E+00
-22.92500E+00,+462.31E-03,-1.09045E+00
-22.90000E+00,+462.31E-03,-1.10553E+00
-22.87500E+00,+432.16E-03,-1.10553E+00
-22.85000E+00,+422.11E-03,-1.10553E+00
-22.82500E+00,+422.11E-03,-1.14070E+00
-22.80000E+00,+422.11E-03,-1.10553E+00
-22.77500E+00,+391.96E-03,-1.12563E+00
-22.75000E+00,+391.96E-03,-1.13568E+00
-22.72500E+00,+402.01E-03,-1.15075E+00
-22.70000E+00,+381.91E-03,-1.14573E+00
-22.67500E+00,+381.91E-03,-1.13065E+00
-22.65000E+00,+391.96E-03,-1.12563E+00
-22.62500E+00,+386.93E-03,-1.13065E+00
-22.60000E+00,+361.81E-03,-1.16583E+00
-22.57500E+00,+366.83E-03,-1.16583E+00
-22.55000E+00,+371.86E-03,-1.16583E+00
-22.52500E+00,+371.86E-03,-1.15075E+00
-22.50000E+00,+381.91E-03,-1.12563E+00
-22.47500E+00,+381.91E-03,-1.16583E+00
-22.45000E+00,+381.91E-03,-1.16583E+00
-22.42500E+00,+366.83E-03,-1.18090E+00
-22.40000E+00,+341.71E-03,-1.16583E+00
-22.37500E+00,+381.91E-03,-1.16583E+00
-22.35000E+00,+361.81E-03,-1.14573E+00
-22.32500E+00,+361.81E-03,-1.18593E+00
-22.30000E+00,+361.81E-03,-1.16583E+00
-22.27500E+00,+361.81E-03,-1.15578E+00
-22.25000E+00,+351.76E-03,-1.15578E+00
-22.22500E+00,+361.81E-03,-1.16583E+00
-22.20000E+00,+341.71E-03,-1.14573E+00
-22.17500E+00,+366.83E-03,-1.14573E+00
-22.15000E+00,+371.86E-03,-1.17588E+00
-22.12500E+00,+356.78E-03,-1.17085E+00
-22.10000E+00,+361.81E-03,-1.18593E+00
-22.07500E+00,+361.81E-03,-1.15075E+00
-22.05000E+00,+361.81E-03,-1.19598E+00
-22.02500E+00,+361.81E-03,-1.17085E+00
-22.00000E+00,+381.91E-03,-1.18593E+00
-21.97500E+00,+381.91E-03,-1.16583E+00
-21.95000E+00,+371.86E-03,-1.17588E+00
-21.92500E+00,+376.88E-03,-1.18593E+00
-21.90000E+00,+361.81E-03,-1.18593E+00
-21.87500E+00,+346.73E-03,-1.17085E+00
-21.85000E+00,+341.71E-03,-1.18593E+00
-21.82500E+00,+376.88E-03,-1.18090E+00
-21.80000E+00,+381.91E-03,-1.20603E+00
-21.77500E+00,+346.73E-03,-1.18593E+00
-21.75000E+00,+381.91E-03,-1.17588E+00
-21.72500E+00,+331.66E-03,-1.17085E+00
-21.70000E+00,+341.71E-03,-1.18593E+00
-21.67500E+00,+376.88E-03,-1.16583E+00
-21.65000E+00,+361.81E-03,-1.18593E+00
-21.62500E+00,+346.73E-03,-1.17588E+00
-21.60000E+00,+361.81E-03,-1.18593E+00
-21.57500E+00,+361.81E-03,-1.18090E+00
-21.55000E+00,+351.76E-03,-1.16583E+00
-21.52500E+00,+356.78E-03,-1.18090E+00
-21.50000E+00,+341.71E-03,-1.16583E+00
-21.47500E+00,+361.81E-03,-1.18090E+00
-21.45000E+00,+361.81E-03,-1.17588E+00
-21.42500E+00,+356.78E-03,-1.17085E+00
-21.40000E+00,+361.81E-03,-1.18593E+00
-21.37500E+00,+361.81E-03,-1.18593E+00
-21.35000E+00,+341.71E-03,-1.16583E+00
-21.32500E+00,+361.81E-03,-1.19095E+00
-21.30000E+00,+361.81E-03,-1.18593E+00
-21.27500E+00,+376.88E-03,-1.15075E+00
-21.25000E+00,+371.86E-03,-1.16583E+00
-21.22500E+00,+361.81E-03,-1.17588E+00
-21.20000E+00,+361.81E-03,-1.18593E+00
-21.17500E+00,+341.71E-03,-1.17085E+00
-21.15000E+00,+361.81E-03,-1.16583E+00
-21.12500E+00,+346.73E-03,-1.19598E+00
-21.10000E+00,+361.81E-03,-1.16583E+00
-21.07500E+00,+361.81E-03,-1.17085E+00
-21.05000E+00,+361.81E-03,-1.16583E+00
-21.02500E+00,+361.81E-03,-1.18090E+00
-21.00000E+00,+361.81E-03,-1.16583E+00
-20.97500E+00,+361.81E-03,-1.18593E+00
-20.95000E+00,+351.76E-03,-1.18593E+00
-20.92500E+00,+326.63E-03,-1.18090E+00
-20.90000E+00,+361.81E-03,-1.18593E+00
-20.87500E+00,+361.81E-03,-1.18090E+00
-20.85000E+00,+361.81E-03,-1.17588E+00
-20.82500E+00,+356.78E-03,-1.17085E+00
-20.80000E+00,+361.81E-03,-1.18593E+00
-20.77500E+00,+361.81E-03,-1.18090E+00
-20.75000E+00,+381.91E-03,-1.16583E+00
-20.72500E+00,+361.81E-03,-1.16583E+00
-20.70000E+00,+361.81E-03,-1.16583E+00
-20.67500E+00,+336.68E-03,-1.16583E+00
-20.65000E+00,+351.76E-03,-1.17588E+00
-20.62500E+00,+366.83E-03,-1.18593E+00
-20.60000E+00,+361.81E-03,-1.16583E+00
-20.57500E+00,+341.71E-03,-1.15578E+00
-20.55000E+00,+371.86E-03,-1.17588E+00
-20.52500E+00,+356.78E-03,-1.15075E+00
-20.50000E+00,+361.81E-03,-1.14573E+00
-20.47500E+00,+356.78E-03,-1.16583E+00
-20.45000E+00,+351.76E-03,-1.18593E+00
-20.42500E+00,+361.81E-03,-1.16583E+00
-20.40000E+00,+361.81E-03,-1.16583E+00
-20.37500E+00,+346.73E-03,-1.16583E+00
-20.35000E+00,+361.81E-03,-1.19598E+00
-20.32500E+00,+336.68E-03,-1.16583E+00
-20.30000E+00,+341.71E-03,-1.16583E+00
-20.27500E+00,+361.81E-03,-1.16583E+00
-20.25000E+00,+361.81E-03,-1.17588E+00
-20.22500E+00,+346.73E-03,-1.18090E+00
-20.20000E+00,+361.81E-03,-1.18593E+00
-20.17500E+00,+346.73E-03,-1.17085E+00
-20.15000E+00,+351.76E-03,-1.16583E+00
-20.12500E+00,+376.88E-03,-1.17588E+00
-20.10000E+00,+361.81E-03,-1.16583E+00
-20.07500E+00,+361.81E-03,-1.16583E+00
-20.05000E+00,+351.76E-03,-1.16583E+00
-20.02500E+00,+361.81E-03,-1.18593E+00
-20.00000E+00,+381.91E-03,-1.16583E+00
-19.97500E+00,+361.81E-03,-1.17085E+00
-19.95000E+00,+371.86E-03,-1.18593E+00
-19.92500E+00,+356.78E-03,-1.15075E+00
-19.90000E+00,+341.71E-03,-1.18593E+00
-19.87500E+00,+346.73E-03,-1.16583E+00
-19.85000E+00,+381.91E-03,-1.17588E+00
-19.82500E+00,+371.86E-03,-1.16583E+00
-19.80000E+00,+361.81E-03,-1.16583E+00
-19.77500E+00,+346.73E-03,-1.18593E+00
-19.75000E+00,+361.81E-03,-1.18593E+00
-19.72500E+00,+341.71E-03,-1.17085E+00
-19.70000E+00,+361.81E-03,-1.16583E+00
-19.67500E+00,+356.78E-03,-1.17085E+00
-19.65000E+00,+351.76E-03,-1.17588E+00
-19.62500E+00,+341.71E-03,-1.18593E+00
-19.60000E+00,+321.61E-03,-1.16583E+00
-19.57500E+00,+346.73E-03,-1.16583E+00
-19.55000E+00,+351.76E-03,-1.18593E+00
-19.52500E+00,+356.78E-03,-1.16583E+00
-19.50000E+00,+361.81E-03,-1.18593E+00
-19.47500E+00,+341.71E-03,-1.17085E+00
-19.45000E+00,+361.81E-03,-1.18593E+00
-19.42500E+00,+371.86E-03,-1.18593E+00
-19.40000E+00,+361.81E-03,-1.16583E+00
-19.37500E+00,+356.78E-03,-1.20603E+00
-19.35000E+00,+331.66E-03,-1.18593E+00
-19.32500E+00,+346.73E-03,-1.16583E+00
-19.30000E+00,+361.81E-03,-1.18593E+00
-19.27500E+00,+341.71E-03,-1.16583E+00
-19.25000E+00,+351.76E-03,-1.17588E+00
-19.22500E+00,+341.71E-03,-1.18593E+00
-19.20000E+00,+361.81E-03,-1.16583E+00
-19.17500E+00,+361.81E-03,-1.18090E+00
-19.15000E+00,+351.76E-03,-1.19598E+00
-19.12500E+00,+346.73E-03,-1.18090E+00
-19.10000E+00,+381.91E-03,-1.18593E+00
-19.07500E+00,+361.81E-03,-1.18090E+00
-19.05000E+00,+351.76E-03,-1.16583E+00
-19.02500E+00,+346.73E-03,-1.18593E+00
-19.00000E+00,+361.81E-03,-1.16583E+00
-18.97500E+00,+356.78E-03,-1.18090E+00
-18.95000E+00,+351.76E-03,-1.16583E+00
-18.92500E+00,+366.83E-03,-1.16583E+00
-18.90000E+00,+341.71E-03,-1.18593E+00
-18.87500E+00,+366.83E-03,-1.19598E+00
-18.85000E+00,+371.86E-03,-1.18593E+00
-18.82500E+00,+361.81E-03,-1.17085E+00
-18.80000E+00,+361.81E-03,-1.18593E+00
-18.77500E+00,+356.78E-03,-1.20101E+00
-18.75000E+00,+351.76E-03,-1.16583E+00
-18.72500E+00,+341.71E-03,-1.15578E+00
-18.70000E+00,+361.81E-03,-1.18593E+00
-18.67500E+00,+361.81E-03,-1.17085E+00
-18.65000E+00,+371.86E-03,-1.18593E+00
-18.62500E+00,+376.88E-03,-1.18090E+00
-18.60000E+00,+361.81E-03,-1.16583E+00
-18.57500E+00,+346.73E-03,-1.16583E+00
-18.55000E+00,+351.76E-03,-1.18593E+00
-18.52500E+00,+361.81E-03,-1.18090E+00
-18.50000E+00,+361.81E-03,-1.18593E+00
-18.47500E+00,+341.71E-03,-1.18090E+00
-18.45000E+00,+361.81E-03,-1.16583E+00
-18.42500E+00,+341.71E-03,-1.17085E+00
-18.40000E+00,+361.81E-03,-1.18593E+00
-18.37500E+00,+356.78E-03,-1.18090E+00
-18.35000E+00,+381.91E-03,-1.18593E+00
-18.32500E+00,+351.76E-03,-1.17588E+00
-18.30000E+00,+361.81E-03,-1.16583E+00
-18.27500E+00,+376.88E-03,-1.17085E+00
-18.25000E+00,+351.76E-03,-1.18593E+00
-18.22500E+00,+371.86E-03,-1.18593E+00
-18.20000E+00,+321.61E-03,-1.18593E+00
-18.17500E+00,+371.86E-03,-1.18593E+00
-18.15000E+00,+341.71E-03,-1.17588E+00
-18.12500E+00,+346.73E-03,-1.16583E+00
-18.10000E+00,+361.81E-03,-1.20603E+00
-18.07500E+00,+356.78E-03,-1.16583E+00
-18.05000E+00,+361.81E-03,-1.18593E+00
-18.02500E+00,+346.73E-03,-1.18593E+00
-18.00000E+00,+341.71E-03,-1.16583E+00
-17.97500E+00,+351.76E-03,-1.17085E+00
-17.95000E+00,+361.81E-03,-1.18593E+00
-17.92500E+00,+346.73E-03,-1.18593E+00
-17.90000E+00,+341.71E-03,-1.18593E+00
-17.87500E+00,+361.81E-03,-1.16583E+00
-17.85000E+00,+361.81E-03,-1.17588E+00
-17.82500E+00,+361.81E-03,-1.17085E+00
-17.80000E+00,+361.81E-03,-1.18593E+00
-17.77500E+00,+346.73E-03,-1.16080E+00
-17.75000E+00,+361.81E-03,-1.16583E+00
-17.72500E+00,+346.73E-03,-1.15578E+00
-17.70000E+00,+341.71E-03,-1.14573E+00
-17.67500E+00,+346.73E-03,-1.18593E+00
-17.65000E+00,+361.81E-03,-1.17588E+00
-17.62500E+00,+371.86E-03,-1.17085E+00
-17.60000E+00,-1.04523E+00,-1.04523E+00
-17.57500E+00,-964.82E-03,-939.70E-03
-17.55000E+00,-874.37E-03,-854.27E-03
-17.52500E+00,-798.99E-03,-768.84E-03
-17.50000E+00,-683.42E-03,-703.52E-03
-17.47500E+00,-643.22E-03,-628.14E-03
-17.45000E+00,-572.86E-03,-562.81E-03
-17.42500E+00,-517.59E-03,-522.61E-03
-17.40000E+00,-442.21E-03,-442.21E-03
-17.37500E+00,-422.11E-03,-407.04E-03
-17.35000E+00,-381.91E-03,-381.91E-03
-17.32500E+00,-361.81E-03,-341.71E-03
-17.30000E+00,-281.41E-03,-281.41E-03
-17.27500E+00,-296.48E-03,-281.41E-03
-17.25000E+00,-251.26E-03,-251.26E-03
-17.22500E+00,-226.13E-03,-226.13E-03
-17.20000E+00,-180.90E-03,-221.11E-03
-17.17500E+00,-180.90E-03,-185.93E-03
-17.15000E+00,-160.80E-03,-160.80E-03
-17.12500E+00,-125.63E-03,-155.78E-03
-17.10000E+00,-160.80E-03,-120.60E-03
-17.07500E+00,-140.70E-03,-130.65E-03
-17.05000E+00,-120.60E-03,-120.60E-03
-17.02500E+00,-105.53E-03,-115.58E-03
-17.00000E+00,-100.50E-03,-100.50E-03
-16.97500E+00,-75.38E-03,-80.40E-03
-16.95000E+00,-90.45E-03,-90.45E-03
-16.92500E+00,-60.30E-03,-95.48E-03
-16.90000E+00,-80.40E-03,-60.30E-03
-16.87500E+00,-70.35E-03,-65.33E-03
-16.85000E+00,-50.25E-03,-60.30E-03
-16.82500E+00,-80.40E-03,-60.30E-03
-16.80000E+00,-80.40E-03,-80.40E-03
-16.77500E+00,-45.23E-03,-25.13E-03
-16.75000E+00,-20.10E-03,-60.30E-03
-16.72500E+00,-35.18E-03,-40.20E-03
-16.70000E+00,-20.10E-03,-40.20E-03
-16.67500E+00,-35.18E-03,-20.10E-03
-16.65000E+00,-20.10E-03,-30.15E-03
-16.62500E+00,-55.28E-03,-55.28E-03
-16.60000E+00,-40.20E-03,-20.10E-03
-16.57500E+00,-35.18E-03,-45.23E-03
-16.55000E+00,-20.10E-03,-50.25E-03
-16.52500E+00,-40.20E-03,-25.13E-03
-16.50000E+00,-20.10E-03,-40.20E-03
-16.47500E+00,-10.05E-03,-20.10E-03
-16.45000E+00,-20.10E-03,-10.05E-03
-16.42500E+00,-50.25E-03,-25.13E-03
-16.40000E+00,-60.30E-03,-0.0E+00
-16.37500E+00,-50.25E-03,-20.10E-03
-16.35000E+00,-30.15E-03,-20.10E-03
-16.32500E+00,+0.0E+00,-20.10E-03
-16.30000E+00,-20.10E-03,-20.10E-03
-16.27500E+00,-30.15E-03,-20.10E-03
-16.25000E+00,-20.10E-03,-40.20E-03
-16.22500E+00,-10.05E-03,-20.10E-03
-16.20000E+00,-40.20E-03,-20.10E-03
-16.17500E+00,-15.08E-03,-20.10E-03
-16.15000E+00,+0.0E+00,-10.05E-03
-16.12500E+00,-10.05E-03,-25.13E-03
-16.10000E+00,-20.10E-03,-40.20E-03
-16.07500E+00,-5.03E-03,-10.05E-03
-16.05000E+00,-10.05E-03,-30.15E-03
-16.02500E+00,-20.10E-03,-20.10E-03
-16.00000E+00,-0.0E+00,-0.0E+00
-15.97500E+00,-10.05E-03,-20.10E-03
-15.95000E+00,-10.05E-03,-30.15E-03
-15.92500E+00,-15.08E-03,-35.18E-03
-15.90000E+00,-20.10E-03,-20.10E-03
-15.87500E+00,-40.20E-03,-25.13E-03
-15.85000E+00,-10.05E-03,-10.05E-03
-15.82500E+00,+0.0E+00,-35.18E-03
-15.80000E+00,-0.0E+00,-20.10E-03
-15.77500E+00,-35.18E-03,-5.03E-03
-15.75000E+00,-20.10E-03,-20.10E-03
-15.72500E+00,-20.10E-03,-5.03E-03
-15.70000E+00,-20.10E-03,-40.20E-03
-15.67500E+00,+0.0E+00,-15.08E-03
-15.65000E+00,-30.15E-03,-10.05E-03
-15.62500E+00,-35.18E-03,-10.05E-03
-15.60000E+00,-20.10E-03,-20.10E-03
-15.57500E+00,-20.10E-03,-20.10E-03
-15.55000E+00,-30.15E-03,+0.0E+00
-15.52500E+00,-5.03E-03,-25.13E-03
-15.50000E+00,-40.20E-03,-20.10E-03
-15.47500E+00,-15.08E-03,-20.10E-03
-15.45000E+00,-20.10E-03,-20.10E-03
-15.42500E+00,-20.10E-03,-30.15E-03
-15.40000E+00,+0.0E+00,-40.20E-03
-15.37500E+00,-15.08E-03,-20.10E-03
-15.35000E+00,+10.05E-03,-10.05E-03
-15.32500E+00,-20.10E-03,-20.10E-03
-15.30000E+00,-20.10E-03,-20.10E-03
-15.27500E+00,-15.08E-03,-50.25E-03
-15.25000E+00,-10.05E-03,-10.05E-03
-15.22500E+00,-30.15E-03,-20.10E-03
-15.20000E+00,-0.0E+00,-20.10E-03
-15.17500E+00,-10.05E-03,-35.18E-03
-15.15000E+00,-30.15E-03,-20.10E-03
-15.12500E+00,-15.08E-03,-20.10E-03
-15.10000E+00,-40.20E-03,-20.10E-03
-15.07500E+00,+10.05E-03,-10.05E-03
-15.05000E+00,-20.10E-03,-30.15E-03
-15.02500E+00,-5.03E-03,-5.03E-03
-15.00000E+00,-20.10E-03,-20.10E-03
-14.97500E+00,-15.08E-03,-20.10E-03
-14.95000E+00,-10.05E-03,-20.10E-03
-14.92500E+00,-20.10E-03,-25.13E-03
-14.90000E+00,+20.10E-03,-20.10E-03
-14.87500E+00,+10.05E-03,-15.08E-03
-14.85000E+00,+0.0E+00,-30.15E-03
-14.82500E+00,+0.0E+00,-25.13E-03
-14.80000E+00,-0.0E+00,-40.20E-03
-14.77500E+00,-20.10E-03,-25.13E-03
-14.75000E+00,-10.05E-03,-10.05E-03
-14.72500E+00,-20.10E-03,-20.10E-03
-14.70000E+00,-20.10E-03,-40.20E-03
-14.67500E+00,+10.05E-03,-10.05E-03
-14.65000E+00,-10.05E-03,-20.10E-03
-14.62500E+00,-30.15E-03,-25.13E-03
-14.60000E+00,+0.0E+00,-20.10E-03
-14.57500E+00,-10.05E-03,-5.03E-03
-14.55000E+00,-20.10E-03,-20.10E-03
-14.52500E+00,-40.20E-03,-40.20E-03
-14.50000E+00,-20.10E-03,-20.10E-03
-14.47500E+00,+0.0E+00,+0.0E+00
-14.45000E+00,-40.20E-03,-30.15E-03
-14.42500E+00,-15.08E-03,-20.10E-03
-14.40000E+00,-20.10E-03,+0.0E+00
-14.37500E+00,-15.08E-03,-20.10E-03
-14.35000E+00,-10.05E-03,-10.05E-03
-14.32500E+00,+0.0E+00,-15.08E-03
-14.30000E+00,-20.10E-03,-20.10E-03
-14.27500E+00,-15.08E-03,-10.05E-03
-14.25000E+00,-20.10E-03,-10.05E-03
-14.22500E+00,-45.23E-03,-20.10E-03
-14.20000E+00,-40.20E-03,-20.10E-03
-14.17500E+00,-5.03E-03,-20.10E-03
-14.15000E+00,-20.10E-03,-20.10E-03
-14.12500E+00,-10.05E-03,-25.13E-03
-14.10000E+00,-20.10E-03,-20.10E-03
-14.07500E+00,-25.13E-03,-15.08E-03
-14.05000E+00,-10.05E-03,-20.10E-03
-14.02500E+00,-20.10E-03,-30.15E-03
-14.00000E+00,-20.10E-03,-20.10E-03
-13.97500E+00,-40.20E-03,+0.0E+00
-13.95000E+00,+0.0E+00,-20.10E-03
-13.92500E+00,+0.0E+00,-20.10E-03
-13.90000E+00,-0.0E+00,-0.0E+00
-13.87500E+00,+0.0E+00,+0.0E+00
-13.85000E+00,-30.15E-03,-20.10E-03
-13.82500E+00,-30.15E-03,+0.0E+00
-13.80000E+00,-20.10E-03,-20.10E-03
-13.77500E+00,-45.23E-03,-35.18E-03
-13.75000E+00,-20.10E-03,-20.10E-03
-13.72500E+00,+10.05E-03,+0.0E+00
-13.70000E+00,-0.0E+00,-20.10E-03
-13.67500E+00,-35.18E-03,-25.13E-03
-13.65000E+00,-20.10E-03,-20.10E-03
-13.62500E+00,-10.05E-03,+0.0E+00
-13.60000E+00,-60.30E-03,-0.0E+00
-13.57500E+00,-20.10E-03,-35.18E-03
-13.55000E+00,+0.0E+00,-20.10E-03
-13.52500E+00,+10.05E-03,-25.13E-03
-13.50000E+00,-20.10E-03,-20.10E-03
-13.47500E+00,+0.0E+00,-35.18E-03
-13.45000E+00,-30.15E-03,-10.05E-03
-13.42500E+00,-25.13E-03,-30.15E-03
-13.40000E+00,-0.0E+00,-20.10E-03
-13.37500E+00,-35.18E-03,-25.13E-03
-13.35000E+00,-20.10E-03,-20.10E-03
-13.32500E+00,-35.18E-03,-25.13E-03
-13.30000E+00,-20.10E-03,-20.10E-03
-13.27500E+00,-15.08E-03,-35.18E-03
-13.25000E+00,-30.15E-03,-30.15E-03
-13.22500E+00,-10.05E-03,-20.10E-03
-13.20000E+00,-40.20E-03,-0.0E+00
-13.17500E+00,-15.08E-03,-25.13E-03
-13.15000E+00,+0.0E+00,+0.0E+00
-13.12500E+00,+0.0E+00,-20.10E-03
-13.10000E+00,-20.10E-03,-40.20E-03
-13.07500E+00,+15.08E-03,+5.03E-03
-13.05000E+00,-0.0E+00,-20.10E-03
-13.02500E+00,-5.03E-03,-20.10E-03
-13.00000E+00,-20.10E-03,-40.20E-03
-12.97500E+00,-20.10E-03,-20.10E-03
-12.95000E+00,-10.05E-03,-30.15E-03
-12.92500E+00,-10.05E-03,-10.05E-03
-12.90000E+00,-20.10E-03,-20.10E-03
-12.87500E+00,-35.18E-03,-25.13E-03
-12.85000E+00,-10.05E-03,-10.05E-03
-12.82500E+00,-20.10E-03,+0.0E+00
-12.80000E+00,-20.10E-03,-20.10E-03
-12.77500E+00,-20.10E-03,-35.18E-03
-12.75000E+00,-20.10E-03,-10.05E-03
-12.72500E+00,-20.10E-03,-5.03E-03
-12.70000E+00,+0.0E+00,-20.10E-03
-12.67500E+00,-10.05E-03,-15.08E-03
-12.65000E+00,-10.05E-03,-20.10E-03
-12.62500E+00,-30.15E-03,-15.08E-03
-12.60000E+00,-20.10E-03,-20.10E-03
-12.57500E+00,-20.10E-03,-10.05E-03
-12.55000E+00,-40.20E-03,-20.10E-03
-12.52500E+00,-20.10E-03,-30.15E-03
-12.50000E+00,-20.10E-03,-20.10E-03
-12.47500E+00,-15.08E-03,+0.0E+00
-12.45000E+00,-20.10E-03,-20.10E-03
-12.42500E+00,-35.18E-03,-20.10E-03
-12.40000E+00,+0.0E+00,-20.10E-03
-12.37500E+00,-25.13E-03,-20.10E-03
-12.35000E+00,-0.0E+00,+0.0E+00
-12.32500E+00,-10.05E-03,-20.10E-03
-12.30000E+00,-40.20E-03,-40.20E-03
-12.27500E+00,-10.05E-03,-20.10E-03
-12.25000E+00,-10.05E-03,-10.05E-03
-12.22500E+00,-20.10E-03,-10.05E-03
-12.20000E+00,+0.0E+00,-0.0E+00
-12.17500E+00,-30.15E-03,-30.15E-03
-12.15000E+00,-30.15E-03,-20.10E-03
-12.12500E+00,-20.10E-03,-35.18E-03
-12.10000E+00,-20.10E-03,-20.10E-03
-12.07500E+00,-20.10E-03,-35.18E-03
-12.05000E+00,+0.0E+00,-20.10E-03
-12.02500E+00,-15.08E-03,-25.13E-03
-12.00000E+00,-20.10E-03,-20.10E-03
-11.97500E+00,+10.05E-03,-20.10E-03
-11.95000E+00,-30.15E-03,-20.10E-03
-11.92500E+00,-5.03E-03,-5.03E-03
-11.90000E+00,-0.0E+00,-20.10E-03
-11.87500E+00,-15.08E-03,-15.08E-03
-11.85000E+00,-20.10E-03,-30.15E-03
-11.82500E+00,-20.10E-03,-40.20E-03
-11.80000E+00,-40.20E-03,-40.20E-03
-11.77500E+00,-20.10E-03,-35.18E-03
-11.75000E+00,-20.10E-03,-30.15E-03
-11.72500E+00,-20.10E-03,-5.03E-03
-11.70000E+00,-20.10E-03,-20.10E-03
-11.67500E+00,-5.03E-03,-15.08E-03
-11.65000E+00,-30.15E-03,-10.05E-03
-11.62500E+00,-15.08E-03,-15.08E-03
-11.60000E+00,-20.10E-03,-20.10E-03
-11.57500E+00,-15.08E-03,-20.10E-03
-11.55000E+00,-10.05E-03,-30.15E-03
-11.52500E+00,-10.05E-03,-20.10E-03
-11.50000E+00,-20.10E-03,-20.10E-03
-11.47500E+00,-5.03E-03,-15.08E-03
-11.45000E+00,-20.10E-03,-0.0E+00
-11.42500E+00,-5.03E-03,-15.08E-03
-11.40000E+00,-20.10E-03,-0.0E+00
-11.37500E+00,-5.03E-03,-20.10E-03
-11.35000E+00,-20.10E-03,-20.10E-03
-11.32500E+00,-40.20E-03,+0.0E+00
-11.30000E+00,+40.20E-03,-20.10E-03
-11.27500E+00,+0.0E+00,-25.13E-03
-11.25000E+00,-10.05E-03,-20.10E-03
-11.22500E+00,-25.13E-03,-25.13E-03
-11.20000E+00,-40.20E-03,-0.0E+00
-11.17500E+00,-15.08E-03,-20.10E-03
-11.15000E+00,-20.10E-03,-20.10E-03
-11.12500E+00,-20.10E-03,-5.03E-03
-11.10000E+00,-0.0E+00,-0.0E+00
-11.07500E+00,-20.10E-03,+0.0E+00
-11.05000E+00,-20.10E-03,-30.15E-03
-11.02500E+00,-25.13E-03,-10.05E-03
-11.00000E+00,-20.10E-03,-40.20E-03
-10.97500E+00,+15.08E-03,-20.10E-03
-10.95000E+00,+0.0E+00,-20.10E-03
-10.92500E+00,-15.08E-03,-20.10E-03
-10.90000E+00,+1.48744E+00,-40.20E-03
-10.87500E+00,+1.35176E+00,-145.73E-03
-10.85000E+00,+1.27638E+00,-261.31E-03
-10.82500E+00,+1.17085E+00,-356.78E-03
-10.80000E+00,+1.10553E+00,-442.21E-03
-10.77500E+00,+1.01508E+00,-517.59E-03
-10.75000E+00,+924.62E-03,-582.91E-03
-10.72500E+00,+869.35E-03,-658.29E-03
-10.70000E+00,+824.12E-03,-703.52E-03
-10.67500E+00,+788.94E-03,-738.69E-03
-10.65000E+00,+733.67E-03,-773.87E-03
-10.62500E+00,+718.59E-03,-839.20E-03
-10.60000E+00,+683.42E-03,-884.42E-03
-10.57500E+00,+643.22E-03,-909.55E-03
-10.55000E+00,+623.12E-03,-924.62E-03
-10.52500E+00,+577.89E-03,-959.80E-03
-10.50000E+00,+582.91E-03,-984.92E-03
-10.47500E+00,+527.64E-03,-969.85E-03
-10.45000E+00,+512.56E-03,-1.03518E+00
-10.42500E+00,+497.49E-03,-1.00503E+00
-10.40000E+00,+502.51E-03,-1.06533E+00
-10.37500E+00,+482.41E-03,-1.03518E+00
-10.35000E+00,+462.31E-03,-1.06533E+00
-10.32500E+00,+462.31E-03,-1.06533E+00
-10.30000E+00,+442.21E-03,-1.08543E+00
-10.27500E+00,+457.29E-03,-1.08040E+00
-10.25000E+00,+412.06E-03,-1.10553E+00
-10.22500E+00,+427.14E-03,-1.12060E+00
-10.20000E+00,+402.01E-03,-1.10553E+00
-10.17500E+00,+391.96E-03,-1.11055E+00
-10.15000E+00,+402.01E-03,-1.10553E+00
-10.12500E+00,+386.93E-03,-1.14573E+00
-10.10000E+00,+422.11E-03,-1.12563E+00
-10.07500E+00,+381.91E-03,-1.16080E+00
-10.05000E+00,+371.86E-03,-1.14573E+00
-10.02500E+00,+386.93E-03,-1.13065E+00
-10.00000E+00,+361.81E-03,-1.14573E+00
-9.97500E+00,+381.91E-03,-1.17085E+00
-9.95000E+00,+371.86E-03,-1.15578E+00
-9.92500E+00,+391.96E-03,-1.14070E+00
-9.90000E+00,+381.91E-03,-1.16583E+00
-9.87500E+00,+366.83E-03,-1.17588E+00
-9.85000E+00,+371.86E-03,-1.17588E+00
-9.82500E+00,+346.73E-03,-1.15578E+00
-9.80000E+00,+381.91E-03,-1.16583E+00
-9.77500E+00,+346.73E-03,-1.16583E+00
-9.75000E+00,+371.86E-03,-1.18593E+00
-9.72500E+00,+361.81E-03,-1.18090E+00
-9.70000E+00,+361.81E-03,-1.16583E+00
-9.67500E+00,+366.83E-03,-1.18090E+00
-9.65000E+00,+361.81E-03,-1.16583E+00
-9.62500E+00,+361.81E-03,-1.15075E+00
-9.60000E+00,+361.81E-03,-1.16583E+00
-9.57500E+00,+371.86E-03,-1.18593E+00
-9.55000E+00,+361.81E-03,-1.16583E+00
-9.52500E+00,+361.81E-03,-1.18593E+00
-9.50000E+00,+381.91E-03,-1.16583E+00
-9.47500E+00,+361.81E-03,-1.16583E+00
-9.45000E+00,+371.86E-03,-1.17588E+00
-9.42500E+00,+361.81E-03,-1.17085E+00
-9.40000E+00,+381.91E-03,-1.18593E+00
-9.37500E+00,+376.88E-03,-1.18090E+00
-9.35000E+00,+351.76E-03,-1.18593E+00
-9.32500E+00,+371.86E-03,-1.18090E+00
-9.30000E+00,+381.91E-03,-1.18593E+00
-9.27500E+00,+351.76E-03,-1.17588E+00
-9.25000E+00,+361.81E-03,-1.18593E+00
-9.22500E+00,+361.81E-03,-1.17588E+00
-9.20000E+00,+361.81E-03,-1.18593E+00
-9.17500E+00,+341.71E-03,-1.17085E+00
-9.15000E+00,+351.76E-03,-1.17588E+00
-9.12500E+00,+356.78E-03,-1.16583E+00
-9.10000E+00,+341.71E-03,-1.18593E+00
-9.07500E+00,+376.88E-03,-1.18090E+00
-9.05000E+00,+361.81E-03,-1.17588E+00
-9.02500E+00,+351.76E-03,-1.17085E+00
-9.00000E+00,+381.91E-03,-1.18593E+00
-8.97500E+00,+361.81E-03,-1.18593E+00
-8.95000E+00,+381.91E-03,-1.17588E+00
-8.92500E+00,+371.86E-03,-1.17085E+00
-8.90000E+00,+361.81E-03,-1.16583E+00
-8.87500E+00,+356.78E-03,-1.16583E+00
-8.85000E+00,+361.81E-03,-1.17588E+00
-8.82500E+00,+356.78E-03,-1.17588E+00
-8.80000E+00,+341.71E-03,-1.18593E+00
-8.77500E+00,+361.81E-03,-1.16583E+00
-8.75000E+00,+351.76E-03,-1.16583E+00
-8.72500E+00,+351.76E-03,-1.18593E+00
-8.70000E+00,+361.81E-03,-1.16583E+00
-8.67500E+00,+341.71E-03,-1.17085E+00
-8.65000E+00,+371.86E-03,-1.17588E+00
-8.62500E+00,+351.76E-03,-1.17085E+00
-8.60000E+00,+361.81E-03,-1.16583E+00
-8.57500E+00,+376.88E-03,-1.18593E+00
-8.55000E+00,+371.86E-03,-1.18593E+00
-8.52500E+00,+351.76E-03,-1.16583E+00
-8.50000E+00,+341.71E-03,-1.16583E+00
-8.47500E+00,+366.83E-03,-1.17588E+00
-8.45000E+00,+371.86E-03,-1.19598E+00
-8.42500E+00,+361.81E-03,-1.18593E+00
-8.40000E+00,+361.81E-03,-1.16583E+00
-8.37500E+00,+341.71E-03,-1.16583E+00
-8.35000E+00,+361.81E-03,-1.16583E+00
-8.32500E+00,+366.83E-03,-1.17085E+00
-8.30000E+00,+361.81E-03,-1.14573E+00
-8.27500E+00,+346.73E-03,-1.17085E+00
-8.25000E+00,+361.81E-03,-1.18593E+00
-8.22500E+00,+351.76E-03,-1.19095E+00
-8.20000E+00,+341.71E-03,-1.16583E+00
-8.17500E+00,+351.76E-03,-1.18593E+00
-8.15000E+00,+361.81E-03,-1.17588E+00
-8.12500E+00,+366.83E-03,-1.18593E+00
-8.10000E+00,+381.91E-03,-1.18593E+00
-8.07500E+00,+381.91E-03,-1.17085E+00
-8.05000E+00,+361.81E-03,-1.17588E+00
-8.02500E+00,+366.83E-03,-1.20101E+00
-8.00000E+00,+361.81E-03,-1.18593E+00
-7.97500E+00,+331.66E-03,-1.17588E+00
-7.95000E+00,+361.81E-03,-1.18593E+00
-7.92500E+00,+346.73E-03,-1.17085E+00
-7.90000E+00,+381.91E-03,-1.16583E+00
-7.87500E+00,+356.78E-03,-1.18593E+00
-7.85000E+00,+361.81E-03,-1.16583E+00
-7.82500E+00,+361.81E-03,-1.16583E+00
-7.80000E+00,+341.71E-03,-1.16583E+00
-7.77500E+00,+346.73E-03,-1.16583E+00
-7.75000E+00,+371.86E-03,-1.16583E+00
-7.72500E+00,+346.73E-03,-1.18593E+00
-7.70000E+00,+361.81E-03,-1.18593E+00
-7.67500E+00,+371.86E-03,-1.17085E+00
-7.65000E+00,+361.81E-03,-1.16583E+00
-7.62500E+00,+361.81E-03,-1.16583E+00
-7.60000E+00,+361.81E-03,-1.16583E+00
-7.57500E+00,+341.71E-03,-1.18090E+00
-7.55000E+00,+361.81E-03,-1.18593E+00
-7.52500E+00,+341.71E-03,-1.15075E+00
-7.50000E+00,+341.71E-03,-1.18593E+00
-7.47500E+00,+356.78E-03,-1.15075E+00
-7.45000E+00,+351.76E-03,-1.17588E+00
-7.42500E+00,+356.78E-03,-1.15578E+00
-7.40000E+00,+381.91E-03,-1.14573E+00
-7.37500E+00,+361.81E-03,-1.18090E+00
-7.35000E+00,+351.76E-03,-1.17588E+00
-7.32500E+00,+376.88E-03,-1.16583E+00
-7.30000E+00,+361.81E-03,-1.18593E+00
-7.27500E+00,+366.83E-03,-1.18090E+00
-7.25000E+00,+361.81E-03,-1.18593E+00
-7.22500E+00,+361.81E-03,-1.16583E+00
-7.20000E+00,+381.91E-03,-1.20603E+00
-7.17500E+00,+356.78E-03,-1.17588E+00
-7.15000E+00,+351.76E-03,-1.17588E+00
-7.12500E+00,+341.71E-03,-1.15578E+00
-7.10000E+00,+361.81E-03,-1.16583E+00
-7.07500E+00,+356.78E-03,-1.17085E+00
-7.05000E+00,+361.81E-03,-1.18593E+00
-7.02500E+00,+341.71E-03,-1.16583E+00
-7.00000E+00,+361.81E-03,-1.14573E+00
-6.97500E+00,+361.81E-03,-1.17085E+00
-6.95000E+00,+371.86E-03,-1.17588E+00
-6.92500E+00,+361.81E-03,-1.18593E+00
-6.90000E+00,+361.81E-03,-1.16583E+00
-6.87500E+00,+356.78E-03,-1.16583E+00
-6.85000E+00,+371.86E-03,-1.17588E+00
-6.82500E+00,+356.78E-03,-1.18593E+00
-6.80000E+00,+341.71E-03,-1.16583E+00
-6.77500E+00,+366.83E-03,-1.18090E+00
-6.75000E+00,+351.76E-03,-1.18593E+00
-6.72500E+00,+371.86E-03,-1.18593E+00
-6.70000E+00,+361.81E-03,-1.20603E+00
-6.67500E+00,+361.81E-03,-1.18090E+00
-6.65000E+00,+361.81E-03,-1.17588E+00
-6.62500E+00,+361.81E-03,-1.17588E+00
-6.60000E+00,+361.81E-03,-1.18593E+00
-6.57500E+00,+376.88E-03,-1.18090E+00
-6.55000E+00,+371.86E-03,-1.19598E+00
-6.52500E+00,+356.78E-03,-1.18090E+00
-6.50000E+00,+361.81E-03,-1.18593E+00
-6.47500E+00,+336.68E-03,-1.15578E+00
-6.45000E+00,+351.76E-03,-1.15578E+00
-6.42500E+00,+366.83E-03,-1.17085E+00
-6.40000E+00,+341.71E-03,-1.16583E+00
-6.37500E+00,+346.73E-03,-1.18090E+00
-6.35000E+00,+341.71E-03,-1.18593E+00
-6.32500E+00,+356.78E-03,-1.18593E+00
-6.30000E+00,+361.81E-03,-1.16583E+00
-6.27500E+00,+376.88E-03,-1.18593E+00
-6.25000E+00,+371.86E-03,-1.17588E+00
-6.22500E+00,+376.88E-03,-1.17588E+00
-6.20000E+00,+361.81E-03,-1.16583E+00
-6.17500E+00,+376.88E-03,-1.18090E+00
-6.15000E+00,+351.76E-03,-1.18593E+00
-6.12500E+00,+326.63E-03,-1.18593E+00
-6.10000E+00,+361.81E-03,-1.16583E+00
-6.07500E+00,+356.78E-03,-1.18593E+00
-6.05000E+00,+371.86E-03,-1.19598E+00
-6.02500E+00,+346.73E-03,-1.16583E+00
-6.00000E+00,+361.81E-03,-1.18593E+00
-5.97500E+00,+341.71E-03,-1.18090E+00
-5.95000E+00,+351.76E-03,-1.16583E+00
-5.92500E+00,+346.73E-03,-1.17588E+00
-5.90000E+00,+361.81E-03,-1.14573E+00
-5.87500E+00,+376.88E-03,-1.16080E+00
-5.85000E+00,+351.76E-03,-1.18593E+00
-5.82500E+00,+351.76E-03,-1.16583E+00
-5.80000E+00,+361.81E-03,-1.18593E+00
-5.77500E+00,+366.83E-03,-1.19598E+00
-5.75000E+00,+371.86E-03,-1.15578E+00
-5.72500E+00,+361.81E-03,-1.17085E+00
-5.70000E+00,+361.81E-03,-1.18593E+00
-5.67500E+00,+346.73E-03,-1.18593E+00
-5.65000E+00,+341.71E-03,-1.18593E+00
-5.62500E+00,+341.71E-03,-1.16583E+00
-5.60000E+00,+361.81E-03,-1.16583E+00
-5.57500E+00,+346.73E-03,-1.18593E+00
-5.55000E+00,+341.71E-03,-1.17588E+00
-5.52500E+00,+361.81E-03,-1.18593E+00
-5.50000E+00,+361.81E-03,-1.18593E+00
-5.47500E+00,+346.73E-03,-1.16583E+00
-5.45000E+00,+361.81E-03,-1.16583E+00
-5.42500E+00,+386.93E-03,-1.16583E+00
-5.40000E+00,+361.81E-03,-1.18593E+00
-5.37500E+00,+361.81E-03,-1.18593E+00
-5.35000E+00,+351.76E-03,-1.19598E+00
-5.32500E+00,+376.88E-03,-1.16583E+00
-5.30000E+00,+341.71E-03,-1.18593E+00
-5.27500E+00,+361.81E-03,-1.18090E+00
-5.25000E+00,-1.11558E+00,-1.11558E+00
-5.22500E+00,-1.01508E+00,-1.03015E+00
-5.20000E+00,-924.62E-03,-904.52E-03
-5.17500E+00,-844.22E-03,-839.20E-03
-5.15000E+00,-773.87E-03,-733.67E-03
-5.12500E+00,-663.32E-03,-683.42E-03
-5.10000E+00,-623.12E-03,-603.02E-03
-5.07500E+00,-522.61E-03,-527.64E-03
-5.05000E+00,-492.46E-03,-502.51E-03
-5.02500E+00,-462.31E-03,-442.21E-03
-5.00000E+00,-381.91E-03,-402.01E-03
-4.97500E+00,-351.76E-03,-356.78E-03
-4.95000E+00,-311.56E-03,-311.56E-03
-4.92500E+00,-321.61E-03,-301.51E-03
-4.90000E+00,-221.11E-03,-281.41E-03
-4.87500E+00,-241.21E-03,-226.13E-03
-4.85000E+00,-211.06E-03,-211.06E-03
-4.82500E+00,-185.93E-03,-226.13E-03
-4.80000E+00,-180.90E-03,-160.80E-03
-4.77500E+00,-180.90E-03,-160.80E-03
-4.75000E+00,-130.65E-03,-140.70E-03
-4.72500E+00,-140.70E-03,-155.78E-03
-4.70000E+00,-100.50E-03,-140.70E-03
-4.67500E+00,-120.60E-03,-115.58E-03
-4.65000E+00,-80.40E-03,-100.50E-03
-4.62500E+00,-75.38E-03,-85.43E-03
-4.60000E+00,-60.30E-03,-100.50E-03
-4.57500E+00,-85.43E-03,-90.45E-03
-4.55000E+00,-80.40E-03,-80.40E-03
-4.52500E+00,-60.30E-03,-75.38E-03
-4.50000E+00,-40.20E-03,-60.30E-03
-4.47500E+00,-45.23E-03,-50.25E-03
-4.45000E+00,-80.40E-03,-60.30E-03
-4.42500E+00,-35.18E-03,-45.23E-03
-4.40000E+00,-60.30E-03,-40.20E-03
-4.37500E+00,-75.38E-03,-25.13E-03
-4.35000E+00,-50.25E-03,-30.15E-03
-4.32500E+00,-50.25E-03,-35.18E-03
-4.30000E+00,-40.20E-03,-60.30E-03
-4.27500E+00,-30.15E-03,-35.18E-03
-4.25000E+00,-30.15E-03,-30.15E-03
-4.22500E+00,-10.05E-03,-20.10E-03
-4.20000E+00,-40.20E-03,-40.20E-03
-4.17500E+00,-25.13E-03,-25.13E-03
-4.15000E+00,-20.10E-03,-10.05E-03
-4.12500E+00,-15.08E-03,-20.10E-03
-4.10000E+00,-20.10E-03,-0.0E+00
-4.07500E+00,-35.18E-03,-35.18E-03
-4.05000E+00,-20.10E-03,-20.10E-03
-4.02500E+00,-35.18E-03,-20.10E-03
-4.00000E+00,+0.0E+00,-20.10E-03
-3.97500E+00,-20.10E-03,-10.05E-03
-3.95000E+00,+10.05E-03,-30.15E-03
-3.92500E+00,-20.10E-03,-20.10E-03
-3.90000E+00,-20.10E-03,-20.10E-03
-3.87500E+00,-20.10E-03,-20.10E-03
-3.85000E+00,-20.10E-03,-30.15E-03
-3.82500E+00,+0.0E+00,-40.20E-03
-3.80000E+00,+0.0E+00,-20.10E-03
-3.77500E+00,-5.03E-03,-20.10E-03
-3.75000E+00,+10.05E-03,-30.15E-03
-3.72500E+00,-25.13E-03,-20.10E-03
-3.70000E+00,-20.10E-03,-0.0E+00
-3.67500E+00,-25.13E-03,-25.13E-03
-3.65000E+00,+0.0E+00,-30.15E-03
-3.62500E+00,+0.0E+00,-35.18E-03
-3.60000E+00,-20.10E-03,-20.10E-03
-3.57500E+00,-15.08E-03,-20.10E-03
-3.55000E+00,-10.05E-03,-30.15E-03
-3.52500E+00,-10.05E-03,-15.08E-03
-3.50000E+00,-0.0E+00,-20.10E-03
-3.47500E+00,-5.03E-03,-25.13E-03
-3.45000E+00,-10.05E-03,-20.10E-03
-3.42500E+00,-10.05E-03,-10.05E-03
-3.40000E+00,-0.0E+00,-20.10E-03
-3.37500E+00,-20.10E-03,+0.0E+00
-3.35000E+00,-30.15E-03,-10.05E-03
-3.32500E+00,+0.0E+00,-25.13E-03
-3.30000E+00,+20.10E-03,-20.10E-03
-3.27500E+00,-15.08E-03,-30.15E-03
-3.25000E+00,-30.15E-03,-20.10E-03
-3.22500E+00,-35.18E-03,-20.10E-03
-3.20000E+00,-0.0E+00,-20.10E-03
-3.17500E+00,+15.08E-03,+0.0E+00
-3.15000E+00,-10.05E-03,-30.15E-03
-3.12500E+00,-25.13E-03,-10.05E-03
-3.10000E+00,-0.0E+00,-40.20E-03
-3.07500E+00,-25.13E-03,-35.18E-03
-3.05000E+00,-10.05E-03,-20.10E-03
-3.02500E+00,-40.20E-03,-10.05E-03
-3.00000E+00,-20.10E-03,-20.10E-03
-2.97500E+00,-35.18E-03,-35.18E-03
-2.95000E+00,-30.15E-03,-20.10E-03
-2.92500E+00,+0.0E+00,-25.13E-03
-2.90000E+00,+20.10E-03,-20.10E-03
-2.87500E+00,+0.0E+00,-20.10E-03
-2.85000E+00,+20.10E-03,-30.15E-03
-2.82500E+00,-5.03E-03,-10.05E-03
-2.80000E+00,-0.0E+00,-40.20E-03
-2.77500E+00,-40.20E-03,-20.10E-03
-2.75000E+00,-20.10E-03,+0.0E+00
-2.72500E+00,-40.20E-03,-20.10E-03
-2.70000E+00,-40.20E-03,-20.10E-03
-2.67500E+00,-20.10E-03,-30.15E-03
-2.65000E+00,-20.10E-03,-20.10E-03
-2.62500E+00,-10.05E-03,-25.13E-03
-2.60000E+00,+20.10E-03,-20.10E-03
-2.57500E+00,+5.03E-03,-35.18E-03
-2.55000E+00,-10.05E-03,-20.10E-03
-2.52500E+00,-35.18E-03,-20.10E-03
-2.50000E+00,-20.10E-03,+0.0E+00
-2.47500E+00,-40.20E-03,-35.18E-03
-2.45000E+00,-10.05E-03,+0.0E+00
-2.42500E+00,-5.03E-03,-40.20E-03
-2.40000E+00,-20.10E-03,-20.10E-03
-2.37500E+00,-35.18E-03,-5.03E-03
-2.35000E+00,-10.05E-03,-10.05E-03
-2.32500E+00,-5.03E-03,-20.10E-03
-2.30000E+00,-20.10E-03,-20.10E-03
-2.27500E+00,-20.10E-03,-20.10E-03
-2.25000E+00,-10.05E-03,-10.05E-03
-2.22500E+00,-20.10E-03,-35.18E-03
-2.20000E+00,-0.0E+00,-20.10E-03
-2.17500E+00,+5.03E-03,-5.03E-03
-2.15000E+00,+0.0E+00,-30.15E-03
-2.12500E+00,+0.0E+00,-25.13E-03
-2.10000E+00,+0.0E+00,-20.10E-03
-2.07500E+00,-25.13E-03,-15.08E-03
-2.05000E+00,+10.05E-03,-10.05E-03
-2.02500E+00,-5.03E-03,-15.08E-03
-2.00000E+00,-20.10E-03,-40.20E-03
-1.97500E+00,-5.03E-03,-30.15E-03
-1.95000E+00,-20.10E-03,-10.05E-03
-1.92500E+00,-20.10E-03,-20.10E-03
-1.90000E+00,+0.0E+00,-20.10E-03
-1.87500E+00,-15.08E-03,-20.10E-03
-1.85000E+00,+10.05E-03,-30.15E-03
-1.82500E+00,-10.05E-03,-35.18E-03
-1.80000E+00,-20.10E-03,-0.0E+00
-1.77500E+00,+0.0E+00,-30.15E-03
-1.75000E+00,-10.05E-03,-10.05E-03
-1.72500E+00,+0.0E+00,-15.08E-03
-1.70000E+00,+0.0E+00,-40.20E-03
-1.67500E+00,-15.08E-03,-5.03E-03
-1.65000E+00,-10.05E-03,-10.05E-03
-1.62500E+00,+0.0E+00,-15.08E-03
-1.60000E+00,-0.0E+00,-20.10E-03
-1.57500E+00,-5.03E-03,-20.10E-03
-1.55000E+00,+0.0E+00,-20.10E-03
-1.52500E+00,-15.08E-03,-20.10E-03
-1.50000E+00,-0.0E+00,-20.10E-03
-1.47500E+00,-10.05E-03,-15.08E-03
-1.45000E+00,-40.20E-03,-30.15E-03
-1.42500E+00,-20.10E-03,-5.03E-03
-1.40000E+00,-20.10E-03,-20.10E-03
-1.37500E+00,-40.20E-03,-35.18E-03
-1.35000E+00,-30.15E-03,-30.15E-03
-1.32500E+00,+15.08E-03,-5.03E-03
-1.30000E+00,-20.10E-03,-0.0E+00
-1.27500E+00,-5.03E-03,-20.10E-03
-1.25000E+00,-10.05E-03,-30.15E-03
-1.22500E+00,-25.13E-03,-25.13E-03
-1.20000E+00,-20.10E-03,-20.10E-03
-1.17500E+00,-15.08E-03,-5.03E-03
-1.15000E+00,-20.10E-03,-20.10E-03
-1.12500E+00,-15.08E-03,-20.10E-03
-1.10000E+00,-0.0E+00,-20.10E-03
-1.07500E+00,-40.20E-03,-20.10E-03
-1.05000E+00,+0.0E+00,-30.15E-03
-1.02500E+00,-15.08E-03,-20.10E-03
-1.00000E+00,-0.0E+00,-20.10E-03
-975.00E-03,-5.03E-03,-15.08E-03
-950.00E-03,-20.10E-03,+0.0E+00
-925.00E-03,-5.03E-03,-20.10E-03
-900.00E-03,-40.20E-03,-40.20E-03
-875.00E-03,-20.10E-03,-35.18E-03
-850.00E-03,-10.05E-03,-10.05E-03
-825.00E-03,-25.13E-03,-5.03E-03
-800.00E-03,+0.0E+00,+0.0E+00
-775.00E-03,-5.03E-03,-20.10E-03
-750.00E-03,-10.05E-03,-20.10E-03
-725.00E-03,+0.0E+00,-15.08E-03
-700.00E-03,-0.0E+00,-0.0E+00
-675.00E-03,-5.03E-03,-5.03E-03
-650.00E-03,-10.05E-03,-30.15E-03
-625.00E-03,-15.08E-03,-35.18E-03
-600.00E-03,-0.0E+00,-20.10E-03
-575.00E-03,-30.15E-03,+0.0E+00
-550.00E-03,-30.15E-03,-20.10E-03
-525.00E-03,-15.08E-03,-20.10E-03
-500.00E-03,-20.10E-03,-40.20E-03
-475.00E-03,+5.03E-03,-15.08E-03
-450.00E-03,-10.05E-03,+0.0E+00
-425.00E-03,-10.05E-03,-20.10E-03
-400.00E-03,-20.10E-03,-20.10E-03
-375.00E-03,+0.0E+00,-15.08E-03
-350.00E-03,-40.20E-03,-10.05E-03
-325.00E-03,-45.23E-03,-35.18E-03
-300.00E-03,-20.10E-03,-20.10E-03
-275.00E-03,-35.18E-03,-35.18E-03
-250.00E-03,+0.0E+00,-20.10E-03
-225.00E-03,-5.03E-03,-20.10E-03
-200.00E-03,-40.20E-03,-40.20E-03
-175.00E-03,-20.10E-03,-15.08E-03
-150.00E-03,-20.10E-03,-20.10E-03
-125.00E-03,-20.10E-03,-25.13E-03
-100.00E-03,-0.0E+00,+20.10E-03
-75.00E-03,-30.15E-03,+0.0E+00
-50.00E-03,-10.05E-03,+0.0E+00
-25.00E-03,-20.10E-03,+0.0E+00
-0.0E+00,+0.0E+00,-20.10E-03
+25.00E-03,-5.03E-03,-10.05E-03
+50.00E-03,-30.15E-03,+0.0E+00
+75.00E-03,-10.05E-03,-5.03E-03
+100.00E-03,-20.10E-03,-40.20E-03
+125.00E-03,-25.13E-03,-25.13E-03
+150.00E-03,-20.10E-03,-30.15E-03
+175.00E-03,-10.05E-03,-20.10E-03
+200.00E-03,-40.20E-03,-20.10E-03
+225.00E-03,-25.13E-03,-5.03E-03
+250.00E-03,-10.05E-03,-20.10E-03
+275.00E-03,+0.0E+00,-5.03E-03
+300.00E-03,-20.10E-03,+0.0E+00
+325.00E-03,-5.03E-03,-35.18E-03
+350.00E-03,-20.10E-03,-30.15E-03
+375.00E-03,-30.15E-03,-30.15E-03
+400.00E-03,-20.10E-03,-0.0E+00
+425.00E-03,-10.05E-03,-15.08E-03
+450.00E-03,+0.0E+00,-10.05E-03
+475.00E-03,-20.10E-03,-15.08E-03
+500.00E-03,-0.0E+00,-20.10E-03
+525.00E-03,-5.03E-03,-5.03E-03
+550.00E-03,-10.05E-03,-30.15E-03
+575.00E-03,-15.08E-03,-35.18E-03
+600.00E-03,-20.10E-03,-20.10E-03
+625.00E-03,-30.15E-03,-20.10E-03
+650.00E-03,+0.0E+00,-30.15E-03
+675.00E-03,-5.03E-03,-15.08E-03
+700.00E-03,-40.20E-03,-20.10E-03
+725.00E-03,+20.10E-03,-35.18E-03
+750.00E-03,-20.10E-03,-10.05E-03
+775.00E-03,-50.25E-03,-15.08E-03
+800.00E-03,-40.20E-03,-40.20E-03
+825.00E-03,+0.0E+00,-35.18E-03
+850.00E-03,-0.0E+00,-20.10E-03
+875.00E-03,-35.18E-03,-35.18E-03
+900.00E-03,+20.10E-03,+20.10E-03
+925.00E-03,-30.15E-03,-20.10E-03
+950.00E-03,-10.05E-03,-20.10E-03
+975.00E-03,+20.10E-03,-20.10E-03
+1.00000E+00,+1.40704E+00,-120.60E-03
+1.02500E+00,+1.31156E+00,-221.11E-03
+1.05000E+00,+1.20603E+00,-311.56E-03
+1.07500E+00,+1.13065E+00,-402.01E-03
+1.10000E+00,+1.04523E+00,-462.31E-03
+1.12500E+00,+984.92E-03,-552.76E-03
+1.15000E+00,+934.67E-03,-623.12E-03
+1.17500E+00,+869.35E-03,-678.39E-03
+1.20000E+00,+804.02E-03,-723.62E-03
+1.22500E+00,+798.99E-03,-763.82E-03
+1.25000E+00,+723.62E-03,-804.02E-03
+1.27500E+00,+718.59E-03,-839.20E-03
+1.30000E+00,+663.32E-03,-864.32E-03
+1.32500E+00,+623.12E-03,-919.60E-03
+1.35000E+00,+613.07E-03,-924.62E-03
+1.37500E+00,+567.84E-03,-974.87E-03
+1.40000E+00,+562.81E-03,-964.82E-03
+1.42500E+00,+527.64E-03,-1.00000E+00
+1.45000E+00,+512.56E-03,-1.02513E+00
+1.47500E+00,+517.59E-03,-1.05528E+00
+1.50000E+00,+502.51E-03,-1.04523E+00
+1.52500E+00,+482.41E-03,-1.06030E+00
+1.55000E+00,+442.21E-03,-1.07538E+00
+1.57500E+00,+442.21E-03,-1.08543E+00
+1.60000E+00,+442.21E-03,-1.10553E+00
+1.62500E+00,+442.21E-03,-1.10553E+00
+1.65000E+00,+442.21E-03,-1.11558E+00
+1.67500E+00,+422.11E-03,-1.13065E+00
+1.70000E+00,+422.11E-03,-1.10553E+00
+1.72500E+00,+391.96E-03,-1.14070E+00
+1.75000E+00,+402.01E-03,-1.14573E+00
+1.77500E+00,+402.01E-03,-1.13065E+00
+1.80000E+00,+402.01E-03,-1.12563E+00
+1.82500E+00,+386.93E-03,-1.14573E+00
+1.85000E+00,+391.96E-03,-1.14573E+00
+1.87500E+00,+396.98E-03,-1.16080E+00
+1.90000E+00,+381.91E-03,-1.14573E+00
+1.92500E+00,+381.91E-03,-1.15075E+00
+1.95000E+00,+371.86E-03,-1.17588E+00
+1.97500E+00,+381.91E-03,-1.16080E+00
+2.00000E+00,+381.91E-03,-1.16583E+00
+2.02500E+00,+366.83E-03,-1.15578E+00
+2.05000E+00,+351.76E-03,-1.15578E+00
+2.07500E+00,+366.83E-03,-1.16583E+00
+2.10000E+00,+381.91E-03,-1.16583E+00
+2.12500E+00,+361.81E-03,-1.18090E+00
+2.15000E+00,+371.86E-03,-1.17588E+00
+2.17500E+00,+361.81E-03,-1.16583E+00
+2.20000E+00,+381.91E-03,-1.16583E+00
+2.22500E+00,+371.86E-03,-1.16080E+00
+2.25000E+00,+371.86E-03,-1.17588E+00
+2.27500E+00,+361.81E-03,-1.18593E+00
+2.30000E+00,+381.91E-03,-1.18593E+00
+2.32500E+00,+376.88E-03,-1.17085E+00
+2.35000E+00,+351.76E-03,-1.18593E+00
+2.37500E+00,+356.78E-03,-1.17085E+00
+2.40000E+00,+341.71E-03,-1.18593E+00
+2.42500E+00,+341.71E-03,-1.17085E+00
+2.45000E+00,+361.81E-03,-1.16583E+00
+2.47500E+00,+361.81E-03,-1.17085E+00
+2.50000E+00,+341.71E-03,-1.16583E+00
+2.52500E+00,+361.81E-03,-1.20101E+00
+2.55000E+00,+351.76E-03,-1.16583E+00
+2.57500E+00,+361.81E-03,-1.17085E+00
+2.60000E+00,+341.71E-03,-1.18593E+00
+2.62500E+00,+341.71E-03,-1.16583E+00
+2.65000E+00,+381.91E-03,-1.17588E+00
+2.67500E+00,+366.83E-03,-1.19598E+00
+2.70000E+00,+341.71E-03,-1.14573E+00
+2.72500E+00,+336.68E-03,-1.17588E+00
+2.75000E+00,+361.81E-03,-1.17588E+00
+2.77500E+00,+376.88E-03,-1.18593E+00
+2.80000E+00,+361.81E-03,-1.20603E+00
+2.82500E+00,+341.71E-03,-1.18593E+00
+2.85000E+00,+341.71E-03,-1.18593E+00
+2.87500E+00,+371.86E-03,-1.17588E+00
+2.90000E+00,+381.91E-03,-1.18593E+00
+2.92500E+00,+346.73E-03,-1.16583E+00
+2.95000E+00,+361.81E-03,-1.19598E+00
+2.97500E+00,+366.83E-03,-1.18593E+00
+3.00000E+00,+341.71E-03,-1.18593E+00
+3.02500E+00,+376.88E-03,-1.16583E+00
+3.05000E+00,+351.76E-03,-1.17588E+00
+3.07500E+00,+376.88E-03,-1.18090E+00
+3.10000E+00,+341.71E-03,-1.16583E+00
+3.12500E+00,+326.63E-03,-1.17085E+00
+3.15000E+00,+341.71E-03,-1.18593E+00
+3.17500E+00,+366.83E-03,-1.18593E+00
+3.20000E+00,+341.71E-03,-1.18593E+00
+3.22500E+00,+361.81E-03,-1.17588E+00
+3.25000E+00,+351.76E-03,-1.17588E+00
+3.27500E+00,+346.73E-03,-1.16583E+00
+3.30000E+00,+341.71E-03,-1.16583E+00
+3.32500E+00,+366.83E-03,-1.18090E+00
+3.35000E+00,+371.86E-03,-1.16583E+00
+3.37500E+00,+366.83E-03,-1.18593E+00
+3.40000E+00,+361.81E-03,-1.16583E+00
+3.42500E+00,+366.83E-03,-1.17085E+00
+3.45000E+00,+371.86E-03,-1.18593E+00
+3.47500E+00,+361.81E-03,-1.18593E+00
+3.50000E+00,+361.81E-03,-1.18593E+00
+3.52500E+00,+356.78E-03,-1.18090E+00
+3.55000E+00,+361.81E-03,-1.18593E+00
+3.57500E+00,+356.78E-03,-1.17085E+00
+3.60000E+00,+381.91E-03,-1.18593E+00
+3.62500E+00,+361.81E-03,-1.18090E+00
+3.65000E+00,+371.86E-03,-1.17588E+00
+3.67500E+00,+361.81E-03,-1.17085E+00
+3.70000E+00,+341.71E-03,-1.18593E+00
+3.72500E+00,+361.81E-03,-1.17588E+00
+3.75000E+00,+351.76E-03,-1.17588E+00
+3.77500E+00,+346.73E-03,-1.18593E+00
+3.80000E+00,+341.71E-03,-1.16583E+00
+3.82500E+00,+346.73E-03,-1.16583E+00
+3.85000E+00,+341.71E-03,-1.17588E+00
+3.87500E+00,+361.81E-03,-1.18090E+00
+3.90000E+00,+361.81E-03,-1.18593E+00
+3.92500E+00,+346.73E-03,-1.17588E+00
+3.95000E+00,+361.81E-03,-1.18593E+00
+3.97500E+00,+341.71E-03,-1.18593E+00
+4.00000E+00,+361.81E-03,-1.16583E+00
+4.02500E+00,+391.96E-03,-1.18090E+00
+4.05000E+00,+371.86E-03,-1.17588E+00
+4.07500E+00,+371.86E-03,-1.15075E+00
+4.10000E+00,+341.71E-03,-1.16583E+00
+4.12500E+00,+341.71E-03,-1.18593E+00
+4.15000E+00,+341.71E-03,-1.19598E+00
+4.17500E+00,+346.73E-03,-1.16583E+00
+4.20000E+00,+341.71E-03,-1.18593E+00
+4.22500E+00,+366.83E-03,-1.15075E+00
+4.25000E+00,+351.76E-03,-1.18593E+00
+4.27500E+00,+366.83E-03,-1.18593E+00
+4.30000E+00,+361.81E-03,-1.16583E+00
+4.32500E+00,+371.86E-03,-1.20101E+00
+4.35000E+00,+361.81E-03,-1.18593E+00
+4.37500E+00,+341.71E-03,-1.18090E+00
+4.40000E+00,+341.71E-03,-1.18593E+00
+4.42500E+00,+376.88E-03,-1.18090E+00
+4.45000E+00,+361.81E-03,-1.19598E+00
+4.47500E+00,+361.81E-03,-1.16583E+00
+4.50000E+00,+341.71E-03,-1.18593E+00
+4.52500E+00,+341.71E-03,-1.16583E+00
+4.55000E+00,+351.76E-03,-1.19598E+00
+4.57500E+00,+366.83E-03,-1.17085E+00
+4.60000E+00,+341.71E-03,-1.16583E+00
+4.62500E+00,+361.81E-03,-1.18090E+00
+4.65000E+00,+341.71E-03,-1.18593E+00
+4.67500E+00,+356.78E-03,-1.18593E+00
+4.70000E+00,+361.81E-03,-1.18593E+00
+4.72500E+00,+351.76E-03,-1.16583E+00
+4.75000E+00,+361.81E-03,-1.17588E+00
+4.77500E+00,+346.73E-03,-1.17085E+00
+4.80000E+00,+361.81E-03,-1.16583E+00
+4.82500E+00,+341.71E-03,-1.19598E+00
+4.85000E+00,+361.81E-03,-1.17588E+00
+4.87500E+00,+356.78E-03,-1.19598E+00
+4.90000E+00,+361.81E-03,-1.18593E+00
+4.92500E+00,+356.78E-03,-1.17085E+00
+4.95000E+00,+361.81E-03,-1.18593E+00
+4.97500E+00,+371.86E-03,-1.17085E+00
+5.00000E+00,+361.81E-03,-1.16583E+00
+5.02500E+00,+356.78E-03,-1.18090E+00
+5.05000E+00,+341.71E-03,-1.17588E+00
+5.07500E+00,+361.81E-03,-1.18090E+00
+5.10000E+00,+341.71E-03,-1.18593E+00
+5.12500E+00,+366.83E-03,-1.17085E+00
+5.15000E+00,+371.86E-03,-1.16583E+00
+5.17500E+00,+346.73E-03,-1.18090E+00
+5.20000E+00,+361.81E-03,-1.16583E+00
+5.22500E+00,+366.83E-03,-1.17085E+00
+5.25000E+00,+361.81E-03,-1.16583E+00
+5.27500E+00,+361.81E-03,-1.20603E+00
+5.30000E+00,+361.81E-03,-1.18593E+00
+5.32500E+00,+361.81E-03,-1.16583E+00
+5.35000E+00,+351.76E-03,-1.17588E+00
+5.37500E+00,+341.71E-03,-1.17085E+00
+5.40000E+00,+381.91E-03,-1.16583E+00
+5.42500E+00,+341.71E-03,-1.19598E+00
+5.45000E+00,+361.81E-03,-1.17588E+00
+5.47500E+00,+371.86E-03,-1.19598E+00
+5.50000E+00,+361.81E-03,-1.18593E+00
+5.52500E+00,+366.83E-03,-1.17085E+00
+5.55000E+00,+361.81E-03,-1.17588E+00
+5.57500E+00,+371.86E-03,-1.18593E+00
+5.60000E+00,+381.91E-03,-1.18593E+00
+5.62500E+00,+361.81E-03,-1.16583E+00
+5.65000E+00,+351.76E-03,-1.17588E+00
+5.67500E+00,+346.73E-03,-1.18593E+00
+5.70000E+00,+361.81E-03,-1.16583E+00
+5.72500E+00,+356.78E-03,-1.16080E+00
+5.75000E+00,+351.76E-03,-1.18593E+00
+5.77500E+00,+356.78E-03,-1.16080E+00
+5.80000E+00,+361.81E-03,-1.18593E+00
+5.82500E+00,+361.81E-03,-1.16583E+00
+5.85000E+00,+361.81E-03,-1.16583E+00
+5.87500E+00,+346.73E-03,-1.17588E+00
+5.90000E+00,+361.81E-03,-1.14573E+00
+5.92500E+00,+356.78E-03,-1.18593E+00
+5.95000E+00,+351.76E-03,-1.17588E+00
+5.97500E+00,+346.73E-03,-1.17085E+00
+6.00000E+00,+361.81E-03,-1.14573E+00
+6.02500E+00,+361.81E-03,-1.17588E+00
+6.05000E+00,+371.86E-03,-1.16583E+00
+6.07500E+00,+361.81E-03,-1.18593E+00
+6.10000E+00,+361.81E-03,-1.18593E+00
+6.12500E+00,+361.81E-03,-1.17085E+00
+6.15000E+00,+361.81E-03,-1.17588E+00
+6.17500E+00,+361.81E-03,-1.18593E+00
+6.20000E+00,+381.91E-03,-1.18593E+00
+6.22500E+00,+356.78E-03,-1.18593E+00
+6.25000E+00,+351.76E-03,-1.19598E+00
+6.27500E+00,+346.73E-03,-1.18593E+00
+6.30000E+00,+341.71E-03,-1.18593E+00
+6.32500E+00,+346.73E-03,-1.16583E+00
+6.35000E+00,+351.76E-03,-1.18593E+00
+6.37500E+00,+376.88E-03,-1.18090E+00
+6.40000E+00,+361.81E-03,-1.18593E+00
+6.42500E+00,+371.86E-03,-1.18090E+00
+6.45000E+00,+351.76E-03,-1.16583E+00
+6.47500E+00,+371.86E-03,-1.18593E+00
+6.50000E+00,+361.81E-03,-1.18593E+00
+6.52500E+00,+371.86E-03,-1.16583E+00
+6.55000E+00,+361.81E-03,-1.17588E+00
+6.57500E+00,+351.76E-03,-1.18090E+00
+6.60000E+00,+361.81E-03,-1.18593E+00
+6.62500E+00,+346.73E-03,-1.15578E+00
+6.65000E+00,+361.81E-03,-1.17588E+00
+6.67500E+00,+371.86E-03,-1.16583E+00
+6.70000E+00,+341.71E-03,-1.18593E+00
+6.72500E+00,+361.81E-03,-1.18090E+00
+6.75000E+00,+361.81E-03,-1.17588E+00
+6.77500E+00,+361.81E-03,-1.18593E+00
+6.80000E+00,+361.81E-03,-1.18593E+00
+6.82500E+00,+376.88E-03,-1.17085E+00
+6.85000E+00,+351.76E-03,-1.17588E+00
+6.87500E+00,+356.78E-03,-1.18593E+00
+6.90000E+00,+341.71E-03,-1.18593E+00
+6.92500E+00,+351.76E-03,-1.17085E+00
+6.95000E+00,+361.81E-03,-1.17588E+00
+6.97500E+00,+371.86E-03,-1.18090E+00
+7.00000E+00,+361.81E-03,-1.18593E+00
+7.02500E+00,+346.73E-03,-1.18090E+00
+7.05000E+00,+361.81E-03,-1.18593E+00
+7.07500E+00,+351.76E-03,-1.20101E+00
+7.10000E+00,+341.71E-03,-1.14573E+00
+7.12500E+00,+366.83E-03,-1.17085E+00
+7.15000E+00,+361.81E-03,-1.18593E+00
+7.17500E+00,+361.81E-03,-1.20101E+00
+7.20000E+00,+341.71E-03,-1.16583E+00
+7.22500E+00,+361.81E-03,-1.17085E+00
+7.25000E+00,+351.76E-03,-1.18593E+00
+7.27500E+00,+376.88E-03,-1.18090E+00
+7.30000E+00,+341.71E-03,-1.16583E+00
+7.32500E+00,+361.81E-03,-1.18593E+00
+7.35000E+00,+361.81E-03,-1.18593E+00
+7.37500E+00,+376.88E-03,-1.15075E+00
+7.40000E+00,+361.81E-03,-1.16583E+00
+7.42500E+00,+361.81E-03,-1.17085E+00
+7.45000E+00,+341.71E-03,-1.17588E+00
+7.47500E+00,+361.81E-03,-1.17085E+00
+7.50000E+00,+341.71E-03,-1.16583E+00
+7.52500E+00,+376.88E-03,-1.17588E+00
+7.55000E+00,+361.81E-03,-1.18593E+00
+7.57500E+00,+361.81E-03,-1.17085E+00
+7.60000E+00,+381.91E-03,-1.18593E+00
+7.62500E+00,+376.88E-03,-1.18593E+00
+7.65000E+00,+351.76E-03,-1.16583E+00
+7.67500E+00,+361.81E-03,-1.17085E+00
+7.70000E+00,+341.71E-03,-1.18593E+00
+7.72500E+00,+361.81E-03,-1.17085E+00
+7.75000E+00,+361.81E-03,-1.17588E+00
+7.77500E+00,+361.81E-03,-1.17588E+00
+7.80000E+00,+381.91E-03,-1.16583E+00
+7.82500E+00,+346.73E-03,-1.18593E+00
+7.85000E+00,+351.76E-03,-1.19598E+00
+7.87500E+00,+361.81E-03,-1.18090E+00
+7.90000E+00,+381.91E-03,-1.16583E+00
+7.92500E+00,+361.81E-03,-1.18090E+00
+7.95000E+00,+361.81E-03,-1.18593E+00
+7.97500E+00,+351.76E-03,-1.18593E+00
+8.00000E+00,+361.81E-03,-1.16583E+00
+8.02500E+00,+366.83E-03,-1.16080E+00
+8.05000E+00,+341.71E-03,-1.16583E+00
+8.07500E+00,+366.83E-03,-1.17085E+00
+8.10000E+00,+361.81E-03,-1.16583E+00
+8.12500E+00,+356.78E-03,-1.18090E+00
+8.15000E+00,+361.81E-03,-1.16583E+00
+8.17500E+00,+361.81E-03,-1.18593E+00
+8.20000E+00,+361.81E-03,-1.18593E+00
+8.22500E+00,+371.86E-03,-1.18593E+00
+8.25000E+00,+351.76E-03,-1.17588E+00
+8.27500E+00,+366.83E-03,-1.17085E+00
+8.30000E+00,+381.91E-03,-1.20603E+00
+8.32500E+00,+346.73E-03,-1.18593E+00
+8.35000E+00,+361.81E-03,-1.18593E+00
+8.37500E+00,+371.86E-03,-1.18090E+00
+8.40000E+00,+341.71E-03,-1.16583E+00
+8.42500E+00,+356.78E-03,-1.18593E+00
+8.45000E+00,+361.81E-03,-1.17588E+00
+8.47500E+00,+361.81E-03,-1.19095E+00
+8.50000E+00,+341.71E-03,-1.18593E+00
+8.52500E+00,+346.73E-03,-1.18090E+00
+8.55000E+00,+361.81E-03,-1.18593E+00
+8.57500E+00,+361.81E-03,-1.16583E+00
+8.60000E+00,+361.81E-03,-1.18593E+00
+8.62500E+00,+361.81E-03,-1.16583E+00
+8.65000E+00,+341.71E-03,-1.16583E+00
+8.67500E+00,+376.88E-03,-1.16583E+00
+8.70000E+00,+381.91E-03,-1.18593E+00
+8.72500E+00,+336.68E-03,-1.18090E+00
+8.75000E+00,+361.81E-03,-1.18593E+00
+8.77500E+00,+356.78E-03,-1.18593E+00
+8.80000E+00,+341.71E-03,-1.18593E+00
+8.82500E+00,+371.86E-03,-1.17588E+00
+8.85000E+00,+361.81E-03,-1.16583E+00
+8.87500E+00,+361.81E-03,-1.16583E+00
+8.90000E+00,+361.81E-03,-1.18593E+00
+8.92500E+00,+371.86E-03,-1.16583E+00
+8.95000E+00,+341.71E-03,-1.17588E+00
+8.97500E+00,+336.68E-03,-1.18593E+00
+9.00000E+00,+361.81E-03,-1.18593E+00
+9.02500E+00,+346.73E-03,-1.16583E+00
+9.05000E+00,+361.81E-03,-1.17588E+00
+9.07500E+00,+346.73E-03,-1.18090E+00
+9.10000E+00,+341.71E-03,-1.18593E+00
+9.12500E+00,+376.88E-03,-1.16583E+00
+9.15000E+00,-1.10553E+00,-1.10553E+00
+9.17500E+00,-974.87E-03,-989.95E-03
+9.20000E+00,-884.42E-03,-884.42E-03
+9.22500E+00,-783.92E-03,-798.99E-03
+9.25000E+00,-723.62E-03,-723.62E-03
+9.27500E+00,-643.22E-03,-643.22E-03
+9.30000E+00,-582.91E-03,-582.91E-03
+9.32500E+00,-537.69E-03,-542.71E-03
+9.35000E+00,-462.31E-03,-482.41E-03
+9.37500E+00,-407.04E-03,-437.19E-03
+9.40000E+00,-402.01E-03,-381.91E-03
+9.42500E+00,-346.73E-03,-341.71E-03
+9.45000E+00,-311.56E-03,-311.56E-03
+9.47500E+00,-281.41E-03,-281.41E-03
+9.50000E+00,-281.41E-03,-261.31E-03
+9.52500E+00,-221.11E-03,-236.18E-03
+9.55000E+00,-190.95E-03,-231.16E-03
+9.57500E+00,-201.01E-03,-195.98E-03
+9.60000E+00,-160.80E-03,-160.80E-03
+9.62500E+00,-175.88E-03,-170.85E-03
+9.65000E+00,-160.80E-03,-160.80E-03
+9.67500E+00,-140.70E-03,-140.70E-03
+9.70000E+00,-140.70E-03,-140.70E-03
+9.72500E+00,-90.45E-03,-95.48E-03
+9.75000E+00,-100.50E-03,-110.55E-03
+9.77500E+00,-90.45E-03,-80.40E-03
+9.80000E+00,-80.40E-03,-80.40E-03
+9.82500E+00,-70.35E-03,-60.30E-03
+9.85000E+00,-60.30E-03,-80.40E-03
+9.87500E+00,-65.33E-03,-60.30E-03
+9.90000E+00,-80.40E-03,-80.40E-03
+9.92500E+00,-75.38E-03,-75.38E-03
+9.95000E+00,-50.25E-03,-40.20E-03
+9.97500E+00,-40.20E-03,-50.25E-03
+10.00000E+00,-40.20E-03,-20.10E-03
+10.02500E+00,-40.20E-03,-40.20E-03
+10.05000E+00,-20.10E-03,-50.25E-03
+10.07500E+00,-35.18E-03,-40.20E-03
+10.10000E+00,-20.10E-03,-40.20E-03
+10.12500E+00,-50.25E-03,-35.18E-03
+10.15000E+00,-20.10E-03,-40.20E-03
+10.17500E+00,-25.13E-03,-20.10E-03
+10.20000E+00,-40.20E-03,-20.10E-03
+10.22500E+00,+5.03E-03,-20.10E-03
+10.25000E+00,-20.10E-03,-30.15E-03
+10.27500E+00,-10.05E-03,-35.18E-03
+10.30000E+00,-20.10E-03,-20.10E-03
+10.32500E+00,+5.03E-03,-35.18E-03
+10.35000E+00,-10.05E-03,-20.10E-03
+10.37500E+00,-15.08E-03,-15.08E-03
+10.40000E+00,-40.20E-03,-0.0E+00
+10.42500E+00,-35.18E-03,-20.10E-03
+10.45000E+00,-20.10E-03,-20.10E-03
+10.47500E+00,-35.18E-03,-20.10E-03
+10.50000E+00,-20.10E-03,-40.20E-03
+10.52500E+00,-35.18E-03,-20.10E-03
+10.55000E+00,-20.10E-03,-10.05E-03
+10.57500E+00,-20.10E-03,-5.03E-03
+10.60000E+00,+20.10E-03,-20.10E-03
+10.62500E+00,+10.05E-03,-10.05E-03
+10.65000E+00,-20.10E-03,-20.10E-03
+10.67500E+00,+5.03E-03,-20.10E-03
+10.70000E+00,-0.0E+00,-20.10E-03
+10.72500E+00,-20.10E-03,-20.10E-03
+10.75000E+00,-10.05E-03,+0.0E+00
+10.77500E+00,+10.05E-03,-20.10E-03
+10.80000E+00,-20.10E-03,-20.10E-03
+10.82500E+00,-35.18E-03,-30.15E-03
+10.85000E+00,+0.0E+00,-10.05E-03
+10.87500E+00,-15.08E-03,-10.05E-03
+10.90000E+00,-20.10E-03,-40.20E-03
+10.92500E+00,-5.03E-03,-20.10E-03
+10.95000E+00,-10.05E-03,-30.15E-03
+10.97500E+00,+0.0E+00,-20.10E-03
+11.00000E+00,-20.10E-03,-40.20E-03
+11.02500E+00,+0.0E+00,-20.10E-03
+11.05000E+00,+0.0E+00,-40.20E-03
+11.07500E+00,+5.03E-03,-10.05E-03
+11.10000E+00,-0.0E+00,-40.20E-03
+11.12500E+00,+15.08E-03,+0.0E+00
+11.15000E+00,-20.10E-03,-20.10E-03
+11.17500E+00,+0.0E+00,-20.10E-03
+11.20000E+00,+0.0E+00,-0.0E+00
+11.22500E+00,-15.08E-03,-25.13E-03
+11.25000E+00,-10.05E-03,-30.15E-03
+11.27500E+00,-10.05E-03,-25.13E-03
+11.30000E+00,-0.0E+00,-20.10E-03
+11.32500E+00,-25.13E-03,-20.10E-03
+11.35000E+00,-10.05E-03,-30.15E-03
+11.37500E+00,-20.10E-03,-20.10E-03
+11.40000E+00,-0.0E+00,-20.10E-03
+11.42500E+00,-40.20E-03,-25.13E-03
+11.45000E+00,-20.10E-03,-10.05E-03
+11.47500E+00,-25.13E-03,-10.05E-03
+11.50000E+00,-0.0E+00,-0.0E+00
+11.52500E+00,-20.10E-03,-5.03E-03
+11.55000E+00,-0.0E+00,-20.10E-03
+11.57500E+00,-10.05E-03,-35.18E-03
+11.60000E+00,-20.10E-03,-20.10E-03
+11.62500E+00,-5.03E-03,-15.08E-03
+11.65000E+00,+0.0E+00,-30.15E-03
+11.67500E+00,-25.13E-03,-20.10E-03
+11.70000E+00,-40.20E-03,-20.10E-03
+11.72500E+00,-5.03E-03,-20.10E-03
+11.75000E+00,+20.10E-03,-10.05E-03
+11.77500E+00,+0.0E+00,-20.10E-03
+11.80000E+00,-20.10E-03,-40.20E-03
+11.82500E+00,-15.08E-03,-25.13E-03
+11.85000E+00,-10.05E-03,-20.10E-03
+11.87500E+00,+15.08E-03,-20.10E-03
+11.90000E+00,+0.0E+00,-20.10E-03
+11.92500E+00,-15.08E-03,-20.10E-03
+11.95000E+00,-10.05E-03,-10.05E-03
+11.97500E+00,-40.20E-03,-30.15E-03
+12.00000E+00,-20.10E-03,-20.10E-03
+12.02500E+00,-20.10E-03,-15.08E-03
+12.05000E+00,-20.10E-03,-20.10E-03
+12.07500E+00,-5.03E-03,-25.13E-03
+12.10000E+00,-20.10E-03,+0.0E+00
+12.12500E+00,-20.10E-03,-20.10E-03
+12.15000E+00,-20.10E-03,-20.10E-03
+12.17500E+00,-30.15E-03,-10.05E-03
+12.20000E+00,+0.0E+00,-40.20E-03
+12.22500E+00,-5.03E-03,-15.08E-03
+12.25000E+00,-30.15E-03,-20.10E-03
+12.27500E+00,-15.08E-03,-20.10E-03
+12.30000E+00,+20.10E-03,-20.10E-03
+12.32500E+00,-20.10E-03,-20.10E-03
+12.35000E+00,-20.10E-03,-10.05E-03
+12.37500E+00,-25.13E-03,-25.13E-03
+12.40000E+00,-20.10E-03,+0.0E+00
+12.42500E+00,-15.08E-03,-5.03E-03
+12.45000E+00,+0.0E+00,-20.10E-03
+12.47500E+00,-15.08E-03,-25.13E-03
+12.50000E+00,-20.10E-03,-20.10E-03
+12.52500E+00,-20.10E-03,-20.10E-03
+12.55000E+00,-10.05E-03,-20.10E-03
+12.57500E+00,-35.18E-03,-35.18E-03
+12.60000E+00,-20.10E-03,-20.10E-03
+12.62500E+00,-20.10E-03,-20.10E-03
+12.65000E+00,-30.15E-03,-30.15E-03
+12.67500E+00,-25.13E-03,-35.18E-03
+12.70000E+00,-40.20E-03,-20.10E-03
+12.72500E+00,-25.13E-03,-50.25E-03
+12.75000E+00,-30.15E-03,-10.05E-03
+12.77500E+00,-25.13E-03,+0.0E+00
+12.80000E+00,-0.0E+00,-20.10E-03
+12.82500E+00,-30.15E-03,-25.13E-03
+12.85000E+00,-10.05E-03,-20.10E-03
+12.87500E+00,-35.18E-03,-25.13E-03
+12.90000E+00,-0.0E+00,-20.10E-03
+12.92500E+00,-5.03E-03,-30.15E-03
+12.95000E+00,-30.15E-03,-20.10E-03
+12.97500E+00,-30.15E-03,-5.03E-03
+13.00000E+00,+0.0E+00,-0.0E+00
+13.02500E+00,-5.03E-03,-20.10E-03
+13.05000E+00,-10.05E-03,-20.10E-03
+13.07500E+00,-15.08E-03,-5.03E-03
+13.10000E+00,-20.10E-03,-20.10E-03
+13.12500E+00,-20.10E-03,-35.18E-03
+13.15000E+00,-20.10E-03,-20.10E-03
+13.17500E+00,-35.18E-03,-20.10E-03
+13.20000E+00,-20.10E-03,-0.0E+00
+13.22500E+00,-35.18E-03,+10.05E-03
+13.25000E+00,-20.10E-03,-20.10E-03
+13.27500E+00,-15.08E-03,-10.05E-03
+13.30000E+00,+20.10E-03,-20.10E-03
+13.32500E+00,-10.05E-03,-25.13E-03
+13.35000E+00,-10.05E-03,-40.20E-03
+13.37500E+00,+0.0E+00,-15.08E-03
+13.40000E+00,-20.10E-03,-0.0E+00
+13.42500E+00,-5.03E-03,-20.10E-03
+13.45000E+00,-10.05E-03,-20.10E-03
+13.47500E+00,-20.10E-03,-25.13E-03
+13.50000E+00,-0.0E+00,-20.10E-03
+13.52500E+00,+0.0E+00,-20.10E-03
+13.55000E+00,-20.10E-03,-10.05E-03
+13.57500E+00,-30.15E-03,-15.08E-03
+13.60000E+00,+0.0E+00,-20.10E-03
+13.62500E+00,-15.08E-03,-5.03E-03
+13.65000E+00,-20.10E-03,-10.05E-03
+13.67500E+00,-5.03E-03,+0.0E+00
+13.70000E+00,-0.0E+00,-20.10E-03
+13.72500E+00,-20.10E-03,-20.10E-03
+13.75000E+00,+0.0E+00,-10.05E-03
+13.77500E+00,+10.05E-03,-35.18E-03
+13.80000E+00,-20.10E-03,-0.0E+00
+13.82500E+00,-10.05E-03,-40.20E-03
+13.85000E+00,-40.20E-03,-10.05E-03
+13.87500E+00,-25.13E-03,-25.13E-03
+13.90000E+00,-20.10E-03,-40.20E-03
+13.92500E+00,+5.03E-03,-20.10E-03
+13.95000E+00,+0.0E+00,-10.05E-03
+13.97500E+00,+10.05E-03,-15.08E-03
+14.00000E+00,-0.0E+00,-20.10E-03
+14.02500E+00,-25.13E-03,-5.03E-03
+14.05000E+00,+0.0E+00,-30.15E-03
+14.07500E+00,+10.05E-03,-40.20E-03
+14.10000E+00,-20.10E-03,-0.0E+00
+14.12500E+00,-20.10E-03,-15.08E-03
+14.15000E+00,+10.05E-03,-10.05E-03
+14.17500E+00,-15.08E-03,-35.18E-03
+14.20000E+00,-20.10E-03,-20.10E-03
+14.22500E+00,-15.08E-03,-20.10E-03
+14.25000E+00,+0.0E+00,-10.05E-03
+14.27500E+00,-45.23E-03,-15.08E-03
+14.30000E+00,-20.10E-03,-20.10E-03
+14.32500E+00,-35.18E-03,-20.10E-03
+14.35000E+00,-30.15E-03,-30.15E-03
+14.37500E+00,-20.10E-03,-20.10E-03
+14.40000E+00,-0.0E+00,-20.10E-03
+14.42500E+00,-5.03E-03,-15.08E-03
+14.45000E+00,-10.05E-03,-10.05E-03
+14.47500E+00,-35.18E-03,-20.10E-03
+14.50000E+00,-20.10E-03,+0.0E+00
+14.52500E+00,+15.08E-03,-15.08E-03
+14.55000E+00,-30.15E-03,-10.05E-03
+14.57500E+00,+0.0E+00,-5.03E-03
+14.60000E+00,-20.10E-03,-20.10E-03
+14.62500E+00,-10.05E-03,-35.18E-03
+14.65000E+00,-10.05E-03,-20.10E-03
+14.67500E+00,-20.10E-03,-5.03E-03
+14.70000E+00,+0.0E+00,-0.0E+00
+14.72500E+00,-40.20E-03,-15.08E-03
+14.75000E+00,+0.0E+00,-20.10E-03
+14.77500E+00,+5.03E-03,-20.10E-03
+14.80000E+00,+0.0E+00,-20.10E-03
+14.82500E+00,-20.10E-03,-20.10E-03
+14.85000E+00,+0.0E+00,-30.15E-03
+14.87500E+00,+0.0E+00,-20.10E-03
+14.90000E+00,-20.10E-03,-20.10E-03
+14.92500E+00,-15.08E-03,-20.10E-03
+14.95000E+00,-30.15E-03,-10.05E-03
+14.97500E+00,+1.44724E+00,-80.40E-03
+15.00000E+00,+1.32663E+00,-180.90E-03
+15.02500E+00,+1.22613E+00,-281.41E-03
+15.05000E+00,+1.12563E+00,-371.86E-03
+15.07500E+00,+1.04523E+00,-462.31E-03
+15.10000E+00,+1.00503E+00,-522.61E-03
+15.12500E+00,+939.70E-03,-587.94E-03
+15.15000E+00,+894.47E-03,-643.22E-03
+15.17500E+00,+834.17E-03,-703.52E-03
+15.20000E+00,+783.92E-03,-743.72E-03
+15.22500E+00,+743.72E-03,-798.99E-03
+15.25000E+00,+703.52E-03,-844.22E-03
+15.27500E+00,+668.34E-03,-869.35E-03
+15.30000E+00,+623.12E-03,-904.52E-03
+15.32500E+00,+582.91E-03,-929.65E-03
+15.35000E+00,+562.81E-03,-954.77E-03
+15.37500E+00,+552.76E-03,-984.92E-03
+15.40000E+00,+522.61E-03,-1.00503E+00
+15.42500E+00,+517.59E-03,-994.97E-03
+15.45000E+00,+532.66E-03,-1.05528E+00
+15.47500E+00,+507.54E-03,-1.04523E+00
+15.50000E+00,+462.31E-03,-1.04523E+00
+15.52500E+00,+457.29E-03,-1.08040E+00
+15.55000E+00,+452.26E-03,-1.05528E+00
+15.57500E+00,+442.21E-03,-1.10553E+00
+15.60000E+00,+402.01E-03,-1.10553E+00
+15.62500E+00,+432.16E-03,-1.12563E+00
+15.65000E+00,+422.11E-03,-1.10553E+00
+15.67500E+00,+442.21E-03,-1.10050E+00
+15.70000E+00,+402.01E-03,-1.10553E+00
+15.72500E+00,+412.06E-03,-1.14573E+00
+15.75000E+00,+422.11E-03,-1.13568E+00
+15.77500E+00,+396.98E-03,-1.14573E+00
+15.80000E+00,+381.91E-03,-1.14573E+00
+15.82500E+00,+402.01E-03,-1.16080E+00
+15.85000E+00,+381.91E-03,-1.14573E+00
+15.87500E+00,+402.01E-03,-1.15075E+00
+15.90000E+00,+402.01E-03,-1.14573E+00
+15.92500E+00,+371.86E-03,-1.15578E+00
+15.95000E+00,+381.91E-03,-1.15578E+00
+15.97500E+00,+391.96E-03,-1.16583E+00
+16.00000E+00,+361.81E-03,-1.14573E+00
+16.02500E+00,+402.01E-03,-1.16080E+00
+16.05000E+00,+371.86E-03,-1.15578E+00
+16.07500E+00,+381.91E-03,-1.18090E+00
+16.10000E+00,+361.81E-03,-1.16583E+00
+16.12500E+00,+371.86E-03,-1.15578E+00
+16.15000E+00,+371.86E-03,-1.17588E+00
+16.17500E+00,+361.81E-03,-1.16080E+00
+16.20000E+00,+341.71E-03,-1.16583E+00
+16.22500E+00,+356.78E-03,-1.18090E+00
+16.25000E+00,+331.66E-03,-1.15578E+00
+16.27500E+00,+361.81E-03,-1.19598E+00
+16.30000E+00,+361.81E-03,-1.18593E+00
+16.32500E+00,+356.78E-03,-1.18090E+00
+16.35000E+00,+361.81E-03,-1.17588E+00
+16.37500E+00,+346.73E-03,-1.18593E+00
+16.40000E+00,+381.91E-03,-1.16583E+00
+16.42500E+00,+391.96E-03,-1.16583E+00
+16.45000E+00,+351.76E-03,-1.16583E+00
+16.47500E+00,+381.91E-03,-1.17085E+00
+16.50000E+00,+341.71E-03,-1.16583E+00
+16.52500E+00,+331.66E-03,-1.16583E+00
+16.55000E+00,+361.81E-03,-1.17588E+00
+16.57500E+00,+351.76E-03,-1.18593E+00
+16.60000E+00,+361.81E-03,-1.18593E+00
+16.62500E+00,+361.81E-03,-1.17085E+00
+16.65000E+00,+361.81E-03,-1.15578E+00
+16.67500E+00,+366.83E-03,-1.18090E+00
+16.70000E+00,+381.91E-03,-1.16583E+00
+16.72500E+00,+361.81E-03,-1.17085E+00
+16.75000E+00,+361.81E-03,-1.18593E+00
+16.77500E+00,+386.93E-03,-1.16080E+00
+16.80000E+00,+381.91E-03,-1.16583E+00
+16.82500E+00,+361.81E-03,-1.18090E+00
+16.85000E+00,+341.71E-03,-1.17588E+00
+16.87500E+00,+376.88E-03,-1.18593E+00
+16.90000E+00,+361.81E-03,-1.18593E+00
+16.92500E+00,+356.78E-03,-1.17085E+00
+16.95000E+00,+351.76E-03,-1.17588E+00
+16.97500E+00,+361.81E-03,-1.18090E+00
+17.00000E+00,+361.81E-03,-1.16583E+00
+17.02500E+00,+361.81E-03,-1.16583E+00
+17.05000E+00,+361.81E-03,-1.17588E+00
+17.07500E+00,+371.86E-03,-1.18593E+00
+17.10000E+00,+361.81E-03,-1.18593E+00
+17.12500E+00,+376.88E-03,-1.18593E+00
+17.15000E+00,+371.86E-03,-1.18593E+00
+17.17500E+00,+371.86E-03,-1.17588E+00
+17.20000E+00,+381.91E-03,-1.18593E+00
+17.22500E+00,+346.73E-03,-1.18090E+00
+17.25000E+00,+361.81E-03,-1.15578E+00
+17.27500E+00,+371.86E-03,-1.18593E+00
+17.30000E+00,+361.81E-03,-1.18593E+00
+17.32500E+00,+366.83E-03,-1.19095E+00
+17.35000E+00,+341.71E-03,-1.18593E+00
+17.37500E+00,+361.81E-03,-1.18593E+00
+17.40000E+00,+341.71E-03,-1.16583E+00
+17.42500E+00,+346.73E-03,-1.19095E+00
+17.45000E+00,+341.71E-03,-1.18593E+00
+17.47500E+00,+346.73E-03,-1.18090E+00
+17.50000E+00,+361.81E-03,-1.16583E+00
+17.52500E+00,+356.78E-03,-1.17085E+00
+17.55000E+00,+361.81E-03,-1.17588E+00
+17.57500E+00,+351.76E-03,-1.18593E+00
+17.60000E+00,+361.81E-03,-1.16583E+00
+17.62500E+00,+361.81E-03,-1.17085E+00
+17.65000E+00,+351.76E-03,-1.17588E+00
+17.67500E+00,+351.76E-03,-1.17588E+00
+17.70000E+00,+381.91E-03,-1.16583E+00
+17.72500E+00,+371.86E-03,-1.17085E+00
+17.75000E+00,+371.86E-03,-1.17588E+00
+17.77500E+00,+361.81E-03,-1.17085E+00
+17.80000E+00,+402.01E-03,-1.20603E+00
+17.82500E+00,+341.71E-03,-1.18593E+00
+17.85000E+00,+341.71E-03,-1.17588E+00
+17.87500E+00,+351.76E-03,-1.15578E+00
+17.90000E+00,+361.81E-03,-1.18593E+00
+17.92500E+00,+361.81E-03,-1.17085E+00
+17.95000E+00,+361.81E-03,-1.16583E+00
+17.97500E+00,+351.76E-03,-1.18090E+00
+18.00000E+00,+361.81E-03,-1.18593E+00
+18.02500E+00,+356.78E-03,-1.19095E+00
+18.05000E+00,+381.91E-03,-1.16583E+00
+18.07500E+00,+351.76E-03,-1.18593E+00
+18.10000E+00,+381.91E-03,-1.16583E+00
+18.12500E+00,+361.81E-03,-1.17085E+00
+18.15000E+00,+351.76E-03,-1.20603E+00
+18.17500E+00,+381.91E-03,-1.18593E+00
+18.20000E+00,+321.61E-03,-1.18593E+00
+18.22500E+00,+371.86E-03,-1.16080E+00
+18.25000E+00,+371.86E-03,-1.16583E+00
+18.27500E+00,+356.78E-03,-1.17085E+00
+18.30000E+00,+361.81E-03,-1.18593E+00
+18.32500E+00,+346.73E-03,-1.18593E+00
+18.35000E+00,+351.76E-03,-1.18593E+00
+18.37500E+00,+331.66E-03,-1.16583E+00
+18.40000E+00,+361.81E-03,-1.16583E+00
+18.42500E+00,+381.91E-03,-1.17588E+00
+18.45000E+00,+351.76E-03,-1.16583E+00
+18.47500E+00,+321.61E-03,-1.18593E+00
+18.50000E+00,+361.81E-03,-1.16583E+00
+18.52500E+00,+366.83E-03,-1.17085E+00
+18.55000E+00,+341.71E-03,-1.17588E+00
+18.57500E+00,+356.78E-03,-1.18593E+00
+18.60000E+00,+361.81E-03,-1.18593E+00
+18.62500E+00,+371.86E-03,-1.18593E+00
+18.65000E+00,+361.81E-03,-1.18593E+00
+18.67500E+00,+361.81E-03,-1.18593E+00
+18.70000E+00,+321.61E-03,-1.18593E+00
+18.72500E+00,+351.76E-03,-1.18593E+00
+18.75000E+00,+371.86E-03,-1.17588E+00
+18.77500E+00,+341.71E-03,-1.16583E+00
+18.80000E+00,+361.81E-03,-1.16583E+00
+18.82500E+00,+346.73E-03,-1.16583E+00
+18.85000E+00,+361.81E-03,-1.18593E+00
+18.87500E+00,+356.78E-03,-1.18090E+00
+18.90000E+00,+341.71E-03,-1.18593E+00
+18.92500E+00,+376.88E-03,-1.18090E+00
+18.95000E+00,+351.76E-03,-1.16583E+00
+18.97500E+00,+356.78E-03,-1.18593E+00
+19.00000E+00,+381.91E-03,-1.14573E+00
+19.02500E+00,+351.76E-03,-1.16583E+00
+19.05000E+00,+361.81E-03,-1.17588E+00
+19.07500E+00,+346.73E-03,-1.16583E+00
+19.10000E+00,+361.81E-03,-1.20603E+00
+19.12500E+00,+361.81E-03,-1.18593E+00
+19.15000E+00,+341.71E-03,-1.16583E+00
+19.17500E+00,+361.81E-03,-1.16583E+00
+19.20000E+00,+361.81E-03,-1.14573E+00
+19.22500E+00,+361.81E-03,-1.18593E+00
+19.25000E+00,+351.76E-03,-1.16583E+00
+19.27500E+00,+356.78E-03,-1.17085E+00
+19.30000E+00,+341.71E-03,-1.18593E+00
+19.32500E+00,+381.91E-03,-1.18593E+00
+19.35000E+00,+371.86E-03,-1.16583E+00
+19.37500E+00,+371.86E-03,-1.18593E+00
+19.40000E+00,+341.71E-03,-1.18593E+00
+19.42500E+00,+371.86E-03,-1.16583E+00
+19.45000E+00,+361.81E-03,-1.17588E+00
+19.47500E+00,+361.81E-03,-1.18593E+00
+19.50000E+00,+361.81E-03,-1.18593E+00
+19.52500E+00,+346.73E-03,-1.13568E+00
+19.55000E+00,+361.81E-03,-1.17588E+00
+19.57500E+00,+366.83E-03,-1.16583E+00
+19.60000E+00,+341.71E-03,-1.18593E+00
+19.62500E+00,+351.76E-03,-1.17588E+00
+19.65000E+00,+351.76E-03,-1.17588E+00
+19.67500E+00,+376.88E-03,-1.19598E+00
+19.70000E+00,+361.81E-03,-1.18593E+00
+19.72500E+00,+371.86E-03,-1.17588E+00
+19.75000E+00,+371.86E-03,-1.17588E+00
+19.77500E+00,+351.76E-03,-1.20101E+00
+19.80000E+00,+321.61E-03,-1.18593E+00
+19.82500E+00,+361.81E-03,-1.17588E+00
+19.85000E+00,+361.81E-03,-1.18593E+00
+19.87500E+00,+346.73E-03,-1.18090E+00
+19.90000E+00,+381.91E-03,-1.16583E+00
+19.92500E+00,+361.81E-03,-1.18593E+00
+19.95000E+00,+331.66E-03,-1.18593E+00
+19.97500E+00,+366.83E-03,-1.17588E+00
+20.00000E+00,+361.81E-03,-1.18593E+00
+20.02500E+00,+361.81E-03,-1.18090E+00
+20.05000E+00,+331.66E-03,-1.17588E+00
+20.07500E+00,+371.86E-03,-1.15578E+00
+20.10000E+00,+361.81E-03,-1.18593E+00
+20.12500E+00,+366.83E-03,-1.18090E+00
+20.15000E+00,+371.86E-03,-1.18593E+00
+20.17500E+00,+346.73E-03,-1.18593E+00
+20.20000E+00,+341.71E-03,-1.18593E+00
+20.22500E+00,+366.83E-03,-1.17085E+00
+20.25000E+00,+381.91E-03,-1.18593E+00
+20.27500E+00,+356.78E-03,-1.15578E+00
+20.30000E+00,+361.81E-03,-1.16583E+00
+20.32500E+00,+356.78E-03,-1.18593E+00
+20.35000E+00,+371.86E-03,-1.17588E+00
+20.37500E+00,+361.81E-03,-1.20101E+00
+20.40000E+00,+341.71E-03,-1.16583E+00
+20.42500E+00,+351.76E-03,-1.18593E+00
+20.45000E+00,+361.81E-03,-1.16583E+00
+20.47500E+00,+351.76E-03,-1.16583E+00
+20.50000E+00,+341.71E-03,-1.18593E+00
+20.52500E+00,+356.78E-03,-1.17085E+00
+20.55000E+00,+371.86E-03,-1.18593E+00
+20.57500E+00,+341.71E-03,-1.18593E+00
+20.60000E+00,-1.14573E+00,-1.18593E+00
+20.62500E+00,-1.03015E+00,-1.05025E+00
+20.65000E+00,-944.72E-03,-934.67E-03
+20.67500E+00,-849.25E-03,-864.32E-03
+20.70000E+00,-743.72E-03,-763.82E-03
+20.72500E+00,-698.49E-03,-683.42E-03
+20.75000E+00,-603.02E-03,-623.12E-03
+20.77500E+00,-567.84E-03,-577.89E-03
+20.80000E+00,-562.81E-03,-502.51E-03
+20.82500E+00,-457.29E-03,-457.29E-03
+20.85000E+00,-391.96E-03,-412.06E-03
+20.87500E+00,-396.98E-03,-376.88E-03
+20.90000E+00,-341.71E-03,-341.71E-03
+20.92500E+00,-301.51E-03,-316.58E-03
+20.95000E+00,-251.26E-03,-261.31E-03
+20.97500E+00,-241.21E-03,-256.28E-03
+21.00000E+00,-221.11E-03,-221.11E-03
+21.02500E+00,-195.98E-03,-201.01E-03
+21.05000E+00,-190.95E-03,-201.01E-03
+21.07500E+00,-201.01E-03,-175.88E-03
+21.10000E+00,-160.80E-03,-140.70E-03
+21.12500E+00,-130.65E-03,-140.70E-03
+21.15000E+00,-130.65E-03,-130.65E-03
+21.17500E+00,-90.45E-03,-130.65E-03
+21.20000E+00,-80.40E-03,-120.60E-03
+21.22500E+00,-80.40E-03,-85.43E-03
+21.25000E+00,-90.45E-03,-80.40E-03
+21.27500E+00,-110.55E-03,-95.48E-03
+21.30000E+00,-40.20E-03,-80.40E-03
+21.32500E+00,-50.25E-03,-80.40E-03
+21.35000E+00,-70.35E-03,-50.25E-03
+21.37500E+00,-75.38E-03,-75.38E-03
+21.40000E+00,-80.40E-03,-80.40E-03
+21.42500E+00,-35.18E-03,-60.30E-03
+21.45000E+00,-30.15E-03,-30.15E-03
+21.47500E+00,-25.13E-03,-45.23E-03
+21.50000E+00,+20.10E-03,-40.20E-03
+21.52500E+00,-25.13E-03,-40.20E-03
+21.55000E+00,-40.20E-03,-30.15E-03
+21.57500E+00,-40.20E-03,-50.25E-03
+21.60000E+00,-40.20E-03,-40.20E-03
+21.62500E+00,-30.15E-03,-40.20E-03
+21.65000E+00,-30.15E-03,-20.10E-03
+21.67500E+00,-30.15E-03,-35.18E-03
+21.70000E+00,-20.10E-03,-40.20E-03
+21.72500E+00,-35.18E-03,-40.20E-03
+21.75000E+00,+0.0E+00,-40.20E-03
+21.77500E+00,-40.20E-03,-25.13E-03
+21.80000E+00,-20.10E-03,-40.20E-03
+21.82500E+00,-20.10E-03,-10.05E-03
+21.85000E+00,-10.05E-03,-30.15E-03
+21.87500E+00,+0.0E+00,-35.18E-03
+21.90000E+00,-20.10E-03,-20.10E-03
+21.92500E+00,+0.0E+00,-20.10E-03
+21.95000E+00,+10.05E-03,-30.15E-03
+21.97500E+00,-30.15E-03,-20.10E-03
+22.00000E+00,-0.0E+00,-20.10E-03
+22.02500E+00,-5.03E-03,-30.15E-03
+22.05000E+00,-10.05E-03,-20.10E-03
+22.07500E+00,-20.10E-03,-40.20E-03
+22.10000E+00,-40.20E-03,-40.20E-03
+22.12500E+00,-15.08E-03,-5.03E-03
+22.15000E+00,-10.05E-03,-10.05E-03
+22.17500E+00,-5.03E-03,-20.10E-03
+22.20000E+00,-0.0E+00,-20.10E-03
+22.22500E+00,-20.10E-03,-40.20E-03
+22.25000E+00,-20.10E-03,+0.0E+00
+22.27500E+00,-5.03E-03,-20.10E-03
+22.30000E+00,-40.20E-03,-20.10E-03
+22.32500E+00,+0.0E+00,-5.03E-03
+22.35000E+00,-20.10E-03,-20.10E-03
+22.37500E+00,+10.05E-03,+5.03E-03
+22.40000E+00,-40.20E-03,-20.10E-03
+22.42500E+00,+10.05E-03,-5.03E-03
+22.45000E+00,-10.05E-03,-10.05E-03
+22.47500E+00,-15.08E-03,-35.18E-03
+22.50000E+00,-0.0E+00,-20.10E-03
+22.52500E+00,-15.08E-03,-20.10E-03
+22.55000E+00,+0.0E+00,-20.10E-03
+22.57500E+00,+5.03E-03,-20.10E-03
+22.60000E+00,-60.30E-03,-20.10E-03
+22.62500E+00,+0.0E+00,-15.08E-03
+22.65000E+00,-20.10E-03,-20.10E-03
+22.67500E+00,-30.15E-03,-35.18E-03
+22.70000E+00,-20.10E-03,-20.10E-03
+22.72500E+00,-25.13E-03,-20.10E-03
+22.75000E+00,-20.10E-03,+0.0E+00
+22.77500E+00,-5.03E-03,-15.08E-03
+22.80000E+00,+0.0E+00,-20.10E-03
+22.82500E+00,-10.05E-03,-20.10E-03
+22.85000E+00,-30.15E-03,-10.05E-03
+22.87500E+00,-10.05E-03,-20.10E-03
+22.90000E+00,-20.10E-03,-40.20E-03
+22.92500E+00,-20.10E-03,+0.0E+00
+22.95000E+00,-20.10E-03,-30.15E-03
+22.97500E+00,-30.15E-03,-25.13E-03
+23.00000E+00,-20.10E-03,-20.10E-03
+23.02500E+00,-5.03E-03,-35.18E-03
+23.05000E+00,-20.10E-03,-10.05E-03
+23.07500E+00,-5.03E-03,-15.08E-03
+23.10000E+00,-20.10E-03,-0.0E+00
+23.12500E+00,-35.18E-03,-5.03E-03
+23.15000E+00,-10.05E-03,+0.0E+00
+23.17500E+00,-20.10E-03,+0.0E+00
+23.20000E+00,+40.20E-03,-20.10E-03
+23.22500E+00,+20.10E-03,-20.10E-03
+23.25000E+00,-20.10E-03,+0.0E+00
+23.27500E+00,-10.05E-03,-30.15E-03
+23.30000E+00,-0.0E+00,-0.0E+00
+23.32500E+00,-45.23E-03,-50.25E-03
+23.35000E+00,-20.10E-03,-10.05E-03
+23.37500E+00,-25.13E-03,-20.10E-03
+23.40000E+00,-20.10E-03,-0.0E+00
+23.42500E+00,-30.15E-03,-25.13E-03
+23.45000E+00,-10.05E-03,+0.0E+00
+23.47500E+00,-45.23E-03,-25.13E-03
+23.50000E+00,-20.10E-03,-20.10E-03
+23.52500E+00,-15.08E-03,+0.0E+00
+23.55000E+00,-20.10E-03,-40.20E-03
+23.57500E+00,-5.03E-03,-5.03E-03
+23.60000E+00,-60.30E-03,-20.10E-03
+23.62500E+00,-15.08E-03,-30.15E-03
+23.65000E+00,-20.10E-03,-20.10E-03
+23.67500E+00,-10.05E-03,-20.10E-03
+23.70000E+00,+0.0E+00,-20.10E-03
+23.72500E+00,-30.15E-03,-20.10E-03
+23.75000E+00,+0.0E+00,-20.10E-03
+23.77500E+00,+0.0E+00,-20.10E-03
+23.80000E+00,-20.10E-03,-0.0E+00
+23.82500E+00,-20.10E-03,-10.05E-03
+23.85000E+00,-30.15E-03,-10.05E-03
+23.87500E+00,+5.03E-03,+10.05E-03
+23.90000E+00,-40.20E-03,-40.20E-03
+23.92500E+00,-35.18E-03,-20.10E-03
+23.95000E+00,-20.10E-03,-30.15E-03
+23.97500E+00,+10.05E-03,-25.13E-03
+24.00000E+00,-20.10E-03,-20.10E-03
+24.02500E+00,-25.13E-03,-35.18E-03
+24.05000E+00,-0.0E+00,-10.05E-03
+24.07500E+00,+5.03E-03,-20.10E-03
+24.10000E+00,-0.0E+00,-20.10E-03
+24.12500E+00,-15.08E-03,-5.03E-03
+24.15000E+00,-20.10E-03,-20.10E-03
+24.17500E+00,+0.0E+00,-20.10E-03
+24.20000E+00,-40.20E-03,-20.10E-03
+24.22500E+00,-35.18E-03,-20.10E-03
+24.25000E+00,-10.05E-03,-20.10E-03
+24.27500E+00,-5.03E-03,-20.10E-03
+24.30000E+00,-40.20E-03,-20.10E-03
+24.32500E+00,-40.20E-03,-35.18E-03
+24.35000E+00,-30.15E-03,-40.20E-03
+24.37500E+00,-10.05E-03,-20.10E-03
+24.40000E+00,-40.20E-03,-20.10E-03
+24.42500E+00,-20.10E-03,-20.10E-03
+24.45000E+00,-40.20E-03,-20.10E-03
+24.47500E+00,-15.08E-03,-20.10E-03
+24.50000E+00,-0.0E+00,-20.10E-03
+24.52500E+00,-30.15E-03,-25.13E-03
+24.55000E+00,-20.10E-03,-10.05E-03
+24.57500E+00,+0.0E+00,-20.10E-03
+24.60000E+00,-40.20E-03,-20.10E-03
+24.62500E+00,-20.10E-03,-20.10E-03
+24.65000E+00,-30.15E-03,-10.05E-03
+24.67500E+00,+15.08E-03,-5.03E-03
+24.70000E+00,-40.20E-03,-20.10E-03
+24.72500E+00,-35.18E-03,-15.08E-03
+24.75000E+00,-40.20E-03,-20.10E-03
+24.77500E+00,-5.03E-03,-35.18E-03
+24.80000E+00,+20.10E-03,-20.10E-03
+24.82500E+00,+0.0E+00,-20.10E-03
+24.85000E+00,-10.05E-03,-30.15E-03
+24.87500E+00,-20.10E-03,-20.10E-03
+24.90000E+00,-0.0E+00,-20.10E-03
+24.92500E+00,-25.13E-03,-20.10E-03
+24.95000E+00,+0.0E+00,-20.10E-03
+24.97500E+00,+10.05E-03,-20.10E-03
