x-axis,1
second,Volt
-2.500000E-03,+1.206030160E+00
-2.497500E-03,+804.020107E-03
-2.495000E-03,+402.010053E-03
-2.492500E-03,+703.517593E-03
-2.490000E-03,+402.010053E-03
-2.487500E-03,+301.507540E-03
-2.485000E-03,+0.0E+00
-2.482500E-03,+0.0E+00
-2.480000E-03,-402.010053E-03
-2.477500E-03,-402.010053E-03
-2.475000E-03,-402.010053E-03
-2.472500E-03,-804.020107E-03
-2.470000E-03,-804.020107E-03
-2.467500E-03,-804.020107E-03
-2.465000E-03,-1.005025133E+00
-2.462500E-03,-1.206030160E+00
-2.460000E-03,-1.206030160E+00
-2.457500E-03,-1.206030160E+00
-2.455000E-03,-1.407035187E+00
-2.452500E-03,-1.206030160E+00
-2.450000E-03,-1.206030160E+00
-2.447500E-03,-1.708542727E+00
-2.445000E-03,-1.608040214E+00
-2.442500E-03,-1.608040214E+00
-2.440000E-03,-2.010050267E+00
-2.437500E-03,-1.909547754E+00
-2.435000E-03,-1.809045240E+00
-2.432500E-03,-1.909547754E+00
-2.430000E-03,-2.010050267E+00
-2.427500E-03,-1.608040214E+00
-2.425000E-03,-1.608040214E+00
-2.422500E-03,-1.608040214E+00
-2.420000E-03,-1.608040214E+00
-2.417500E-03,-1.608040214E+00
-2.415000E-03,-1.608040214E+00
-2.412500E-03,-1.608040214E+00
-2.410000E-03,-1.608040214E+00
-2.407500E-03,-1.608040214E+00
-2.405000E-03,-1.206030160E+00
-2.402500E-03,-1.206030160E+00
-2.400000E-03,-1.206030160E+00
-2.397500E-03,-1.206030160E+00
-2.395000E-03,-1.206030160E+00
-2.392500E-03,-804.020107E-03
-2.390000E-03,-804.020107E-03
-2.387500E-03,-804.020107E-03
-2.385000E-03,-402.010053E-03
-2.382500E-03,-402.010053E-03
-2.380000E-03,-0.0E+00
-2.377500E-03,-402.010053E-03
-2.375000E-03,-201.005027E-03
-2.372500E-03,-301.507540E-03
-2.370000E-03,+0.0E+00
-2.367500E-03,+0.0E+00
-2.365000E-03,+201.005027E-03
-2.362500E-03,+402.010053E-03
-2.360000E-03,+804.020107E-03
-2.357500E-03,+402.010053E-03
-2.355000E-03,+603.015080E-03
-2.352500E-03,+502.512567E-03
-2.350000E-03,+804.020107E-03
-2.347500E-03,+804.020107E-03
-2.345000E-03,+804.020107E-03
-2.342500E-03,+804.020107E-03
-2.340000E-03,+1.206030160E+00
-2.337500E-03,+804.020107E-03
-2.335000E-03,+1.206030160E+00
-2.332500E-03,+804.020107E-03
-2.330000E-03,+804.020107E-03
-2.327500E-03,+804.020107E-03
-2.325000E-03,+804.020107E-03
-2.322500E-03,+1.105527647E+00
-2.320000E-03,+804.020107E-03
-2.317500E-03,+804.020107E-03
-2.315000E-03,+804.020107E-03
-2.312500E-03,+804.020107E-03
-2.310000E-03,+402.010053E-03
-2.307500E-03,+804.020107E-03
-2.305000E-03,+603.015080E-03
-2.302500E-03,+703.517593E-03
-2.300000E-03,+402.010053E-03
-2.297500E-03,+402.010053E-03
-2.295000E-03,+402.010053E-03
-2.292500E-03,+100.502513E-03
-2.290000E-03,+0.0E+00
-2.287500E-03,+0.0E+00
-2.285000E-03,+201.005027E-03
-2.282500E-03,+0.0E+00
-2.280000E-03,+0.0E+00
-2.277500E-03,-100.502513E-03
-2.275000E-03,-201.005027E-03
-2.272500E-03,-402.010053E-03
-2.270000E-03,-402.010053E-03
-2.267500E-03,-402.010053E-03
-2.265000E-03,-402.010053E-03
-2.262500E-03,-804.020107E-03
-2.260000E-03,-804.020107E-03
-2.257500E-03,-804.020107E-03
-2.255000E-03,-804.020107E-03
-2.252500E-03,-804.020107E-03
-2.250000E-03,-804.020107E-03
-2.247500E-03,-1.206030160E+00
-2.245000E-03,-1.206030160E+00
-2.242500E-03,-1.206030160E+00
-2.240000E-03,-804.020107E-03
-2.237500E-03,-1.206030160E+00
-2.235000E-03,-1.407035187E+00
-2.232500E-03,-1.105527647E+00
-2.230000E-03,-1.206030160E+00
-2.227500E-03,-1.206030160E+00
-2.225000E-03,-1.407035187E+00
-2.222500E-03,-1.206030160E+00
-2.220000E-03,-1.206030160E+00
-2.217500E-03,-1.206030160E+00
-2.215000E-03,-1.005025134E+00
-2.212500E-03,-1.105527647E+00
-2.210000E-03,-1.206030160E+00
-2.207500E-03,-1.105527647E+00
-2.205000E-03,-1.206030160E+00
-2.202500E-03,-804.020107E-03
-2.200000E-03,-804.020107E-03
-2.197500E-03,-1.105527647E+00
-2.195000E-03,-804.020107E-03
-2.192500E-03,-804.020107E-03
-2.190000E-03,-804.020107E-03
-2.187500E-03,-703.517594E-03
-2.185000E-03,-402.010053E-03
-2.182500E-03,-402.010053E-03
-2.180000E-03,-402.010053E-03
-2.177500E-03,-402.010053E-03
-2.175000E-03,-402.010053E-03
-2.172500E-03,-402.010053E-03
-2.170000E-03,-402.010053E-03
-2.167500E-03,+0.0E+00
-2.165000E-03,-201.005027E-03
-2.162500E-03,+100.502513E-03
-2.160000E-03,+0.0E+00
-2.157500E-03,+0.0E+00
-2.155000E-03,+0.0E+00
-2.152500E-03,+0.0E+00
-2.150000E-03,+402.010053E-03
-2.147500E-03,+100.502513E-03
-2.145000E-03,+0.0E+00
-2.142500E-03,+402.010053E-03
-2.140000E-03,+402.010053E-03
-2.137500E-03,+100.502513E-03
-2.135000E-03,+402.010053E-03
-2.132500E-03,+703.517593E-03
-2.130000E-03,+804.020107E-03
-2.127500E-03,+703.517594E-03
-2.125000E-03,+603.015080E-03
-2.122500E-03,+402.010053E-03
-2.120000E-03,+402.010053E-03
-2.117500E-03,+502.512567E-03
-2.115000E-03,+201.005027E-03
-2.112500E-03,+402.010053E-03
-2.110000E-03,+402.010053E-03
-2.107500E-03,+402.010053E-03
-2.105000E-03,+201.005027E-03
-2.102500E-03,+402.010053E-03
-2.100000E-03,+402.010053E-03
-2.097500E-03,+301.507540E-03
-2.095000E-03,+201.005027E-03
-2.092500E-03,+100.502513E-03
-2.090000E-03,+402.010053E-03
-2.087500E-03,+100.502513E-03
-2.085000E-03,+0.0E+00
-2.082500E-03,+0.0E+00
-2.080000E-03,-0.0E+00
-2.077500E-03,-301.507540E-03
-2.075000E-03,-402.010053E-03
-2.072500E-03,-402.010053E-03
-2.070000E-03,-402.010053E-03
-2.067500E-03,-402.010053E-03
-2.065000E-03,-603.015080E-03
-2.062500E-03,-402.010053E-03
-2.060000E-03,-804.020107E-03
-2.057500E-03,-502.512567E-03
-2.055000E-03,-603.015080E-03
-2.052500E-03,-703.517593E-03
-2.050000E-03,-402.010053E-03
-2.047500E-03,-402.010053E-03
-2.045000E-03,-804.020107E-03
-2.042500E-03,-804.020107E-03
-2.040000E-03,-804.020107E-03
-2.037500E-03,-804.020107E-03
-2.035000E-03,-804.020107E-03
-2.032500E-03,-804.020107E-03
-2.030000E-03,-804.020107E-03
-2.027500E-03,-804.020107E-03
-2.025000E-03,-1.005025134E+00
-2.022500E-03,-904.522620E-03
-2.020000E-03,-1.206030160E+00
-2.017500E-03,-804.020107E-03
-2.015000E-03,-603.015080E-03
-2.012500E-03,-804.020107E-03
-2.010000E-03,-804.020107E-03
-2.007500E-03,-502.512567E-03
-2.005000E-03,-804.020107E-03
-2.002500E-03,-804.020107E-03
-2.000000E-03,-804.020107E-03
-1.997500E-03,-804.020107E-03
-1.995000E-03,-804.020107E-03
-1.992500E-03,-703.517593E-03
-1.990000E-03,-804.020107E-03
-1.987500E-03,-804.020107E-03
-1.985000E-03,-603.015080E-03
-1.982500E-03,-502.512567E-03
-1.980000E-03,-0.0E+00
-1.977500E-03,-100.502513E-03
-1.975000E-03,-402.010053E-03
-1.972500E-03,-100.502513E-03
-1.970000E-03,-0.0E+00
-1.967500E-03,-100.502513E-03
-1.965000E-03,+0.0E+00
-1.962500E-03,+0.0E+00
-1.960000E-03,+0.0E+00
-1.957500E-03,+0.0E+00
-1.955000E-03,+0.0E+00
-1.952500E-03,+0.0E+00
-1.950000E-03,-0.0E+00
-1.947500E-03,+0.0E+00
-1.945000E-03,+0.0E+00
-1.942500E-03,+0.0E+00
-1.940000E-03,+0.0E+00
-1.937500E-03,+100.502513E-03
-1.935000E-03,+201.005027E-03
-1.932500E-03,+301.507540E-03
-1.930000E-03,+402.010053E-03
-1.927500E-03,+0.0E+00
-1.925000E-03,+201.005027E-03
-1.922500E-03,+0.0E+00
-1.920000E-03,+0.0E+00
-1.917500E-03,+402.010053E-03
-1.915000E-03,+0.0E+00
-1.912500E-03,+402.010053E-03
-1.910000E-03,+402.010053E-03
-1.907500E-03,+0.0E+00
-1.905000E-03,+0.0E+00
-1.902500E-03,+0.0E+00
-1.900000E-03,+402.010053E-03
-1.897500E-03,+0.0E+00
-1.895000E-03,+0.0E+00
-1.892500E-03,+301.507540E-03
-1.890000E-03,+402.010053E-03
-1.887500E-03,+0.0E+00
-1.885000E-03,+0.0E+00
-1.882500E-03,-301.507540E-03
-1.880000E-03,-402.010053E-03
-1.877500E-03,-301.507540E-03
-1.875000E-03,+0.0E+00
-1.872500E-03,-301.507540E-03
-1.870000E-03,-0.0E+00
-1.867500E-03,-402.010053E-03
-1.865000E-03,-201.005027E-03
-1.862500E-03,-100.502513E-03
-1.860000E-03,-402.010053E-03
-1.857500E-03,-100.502513E-03
-1.855000E-03,-402.010053E-03
-1.852500E-03,-402.010053E-03
-1.850000E-03,-402.010053E-03
-1.847500E-03,-402.010053E-03
-1.845000E-03,-603.015080E-03
-1.842500E-03,-804.020107E-03
-1.840000E-03,-402.010053E-03
-1.837500E-03,-402.010053E-03
-1.835000E-03,-402.010053E-03
-1.832500E-03,-402.010053E-03
-1.830000E-03,-804.020107E-03
-1.827500E-03,-703.517594E-03
-1.825000E-03,-804.020107E-03
-1.822500E-03,-502.512567E-03
-1.820000E-03,-804.020107E-03
-1.817500E-03,-502.512567E-03
-1.815000E-03,-804.020107E-03
-1.812500E-03,-402.010053E-03
-1.810000E-03,-402.010053E-03
-1.807500E-03,-703.517594E-03
-1.805000E-03,-603.015080E-03
-1.802500E-03,-402.010053E-03
-1.800000E-03,-804.020107E-03
-1.797500E-03,-402.010053E-03
-1.795000E-03,-402.010053E-03
-1.792500E-03,-402.010053E-03
-1.790000E-03,-402.010054E-03
-1.787500E-03,-402.010053E-03
-1.785000E-03,-402.010053E-03
-1.782500E-03,-402.010053E-03
-1.780000E-03,-402.010053E-03
-1.777500E-03,-402.010053E-03
-1.775000E-03,-402.010053E-03
-1.772500E-03,-402.010053E-03
-1.770000E-03,-402.010053E-03
-1.767500E-03,+0.0E+00
-1.765000E-03,-201.005027E-03
-1.762500E-03,-402.010053E-03
-1.760000E-03,-402.010053E-03
-1.757500E-03,-402.010053E-03
-1.755000E-03,+0.0E+00
-1.752500E-03,+0.0E+00
-1.750000E-03,-0.0E+00
-1.747500E-03,-100.502513E-03
-1.745000E-03,+0.0E+00
-1.742500E-03,+0.0E+00
-1.740000E-03,-402.010053E-03
-1.737500E-03,+0.0E+00
-1.735000E-03,+0.0E+00
-1.732500E-03,+0.0E+00
-1.730000E-03,+0.0E+00
-1.727500E-03,+0.0E+00
-1.725000E-03,+0.0E+00
-1.722500E-03,+18.894472510E+00
-1.720000E-03,+18.894472509E+00
-1.717500E-03,+18.492462456E+00
-1.715000E-03,+18.090452403E+00
-1.712500E-03,+17.286432296E+00
-1.710000E-03,+16.884422243E+00
-1.707500E-03,+15.979899623E+00
-1.705000E-03,+15.678392082E+00
-1.702500E-03,+14.472361922E+00
-1.700000E-03,+13.668341815E+00
-1.697500E-03,+12.462311655E+00
-1.695000E-03,+11.658291548E+00
-1.692500E-03,+10.452261388E+00
-1.690000E-03,+9.246231228E+00
-1.687500E-03,+7.939698555E+00
-1.685000E-03,+6.633165881E+00
-1.682500E-03,+5.226130694E+00
-1.680000E-03,+4.020100534E+00
-1.677500E-03,+2.814070374E+00
-1.675000E-03,+1.407035187E+00
-1.672500E-03,+301.507540E-03
-1.670000E-03,-1.206030160E+00
-1.667500E-03,-2.010050267E+00
-1.665000E-03,-3.618090481E+00
-1.662500E-03,-4.824120641E+00
-1.660000E-03,-6.030150801E+00
-1.657500E-03,-7.236180961E+00
-1.655000E-03,-8.241206094E+00
-1.652500E-03,-9.246231228E+00
-1.650000E-03,-10.050251335E+00
-1.647500E-03,-10.954773955E+00
-1.645000E-03,-11.658291548E+00
-1.642500E-03,-12.462311655E+00
-1.640000E-03,-13.266331762E+00
-1.637500E-03,-13.768844329E+00
-1.635000E-03,-14.070351869E+00
-1.632500E-03,-14.874371976E+00
-1.630000E-03,-14.874371976E+00
-1.627500E-03,-15.175879516E+00
-1.625000E-03,-15.276382029E+00
-1.622500E-03,-14.974874489E+00
-1.620000E-03,-15.276382029E+00
-1.617500E-03,-14.874371976E+00
-1.615000E-03,-14.874371976E+00
-1.612500E-03,-14.472361922E+00
-1.610000E-03,-14.070351869E+00
-1.607500E-03,-13.668341815E+00
-1.605000E-03,-13.065326736E+00
-1.602500E-03,-12.462311655E+00
-1.600000E-03,-11.658291548E+00
-1.597500E-03,-10.954773955E+00
-1.595000E-03,-10.050251335E+00
-1.592500E-03,-9.246231228E+00
-1.590000E-03,-8.442211121E+00
-1.587500E-03,-7.638191015E+00
-1.585000E-03,-6.633165881E+00
-1.582500E-03,-5.326633208E+00
-1.580000E-03,-4.422110587E+00
-1.577500E-03,-3.618090481E+00
-1.575000E-03,-2.412060320E+00
-1.572500E-03,-1.608040214E+00
-1.570000E-03,-402.010053E-03
-1.567500E-03,+402.010053E-03
-1.565000E-03,+1.608040214E+00
-1.562500E-03,+2.412060320E+00
-1.560000E-03,+3.618090480E+00
-1.557500E-03,+4.020100534E+00
-1.555000E-03,+5.025125668E+00
-1.552500E-03,+5.929648287E+00
-1.550000E-03,+6.834170908E+00
-1.547500E-03,+7.638191015E+00
-1.545000E-03,+8.040201068E+00
-1.542500E-03,+8.844221175E+00
-1.540000E-03,+9.246231228E+00
-1.537500E-03,+9.748743795E+00
-1.535000E-03,+10.050251335E+00
-1.532500E-03,+10.854271442E+00
-1.530000E-03,+11.256281495E+00
-1.527500E-03,+11.256281495E+00
-1.525000E-03,+11.256281495E+00
-1.522500E-03,+11.356784009E+00
-1.520000E-03,+11.256281495E+00
-1.517500E-03,+11.256281495E+00
-1.515000E-03,+11.055276469E+00
-1.512500E-03,+10.954773955E+00
-1.510000E-03,+10.854271441E+00
-1.507500E-03,+10.452261388E+00
-1.505000E-03,+10.050251335E+00
-1.502500E-03,+9.648241282E+00
-1.500000E-03,+9.246231228E+00
-1.497500E-03,+8.542713634E+00
-1.495000E-03,+8.040201068E+00
-1.492500E-03,+7.236180961E+00
-1.490000E-03,+6.834170908E+00
-1.487500E-03,+6.030150801E+00
-1.485000E-03,+5.226130694E+00
-1.482500E-03,+4.723618127E+00
-1.480000E-03,+3.618090481E+00
-1.477500E-03,+2.814070374E+00
-1.475000E-03,+2.010050267E+00
-1.472500E-03,+1.206030160E+00
-1.470000E-03,+402.010053E-03
-1.467500E-03,+0.0E+00
-1.465000E-03,-1.005025133E+00
-1.462500E-03,-1.608040214E+00
-1.460000E-03,-2.010050267E+00
-1.457500E-03,-3.216080427E+00
-1.455000E-03,-3.819095507E+00
-1.452500E-03,-4.522613101E+00
-1.450000E-03,-4.824120641E+00
-1.447500E-03,-5.728643261E+00
-1.445000E-03,-6.432160854E+00
-1.442500E-03,-6.834170908E+00
-1.440000E-03,-7.638191014E+00
-1.437500E-03,-7.738693528E+00
-1.435000E-03,-8.241206095E+00
-1.432500E-03,-8.442211121E+00
-1.430000E-03,-8.844221175E+00
-1.427500E-03,-8.944723688E+00
-1.425000E-03,-9.246231228E+00
-1.422500E-03,-9.246231228E+00
-1.420000E-03,-9.246231228E+00
-1.417500E-03,-9.246231228E+00
-1.415000E-03,-9.246231228E+00
-1.412500E-03,-9.246231228E+00
-1.410000E-03,-8.844221175E+00
-1.407500E-03,-8.844221175E+00
-1.405000E-03,-8.442211121E+00
-1.402500E-03,-8.341708608E+00
-1.400000E-03,-7.638191015E+00
-1.397500E-03,-7.236180961E+00
-1.395000E-03,-7.236180961E+00
-1.392500E-03,-6.432160854E+00
-1.390000E-03,-6.030150801E+00
-1.387500E-03,-5.628140748E+00
-1.385000E-03,-5.025125667E+00
-1.382500E-03,-4.422110587E+00
-1.380000E-03,-4.020100534E+00
-1.377500E-03,-3.216080427E+00
-1.375000E-03,-2.613065347E+00
-1.372500E-03,-2.311557807E+00
-1.370000E-03,-1.206030160E+00
-1.367500E-03,-804.020107E-03
-1.365000E-03,-201.005026E-03
-1.362500E-03,+402.010053E-03
-1.360000E-03,+804.020107E-03
-1.357500E-03,+1.608040214E+00
-1.355000E-03,+2.010050267E+00
-1.352500E-03,+2.512562834E+00
-1.350000E-03,+2.814070374E+00
-1.347500E-03,+3.618090481E+00
-1.345000E-03,+4.422110587E+00
-1.342500E-03,+4.422110587E+00
-1.340000E-03,+4.824120641E+00
-1.337500E-03,+5.628140748E+00
-1.335000E-03,+5.427135721E+00
-1.332500E-03,+6.030150801E+00
-1.330000E-03,+6.432160854E+00
-1.327500E-03,+6.733668395E+00
-1.325000E-03,+6.633165881E+00
-1.322500E-03,+6.834170908E+00
-1.320000E-03,+6.432160855E+00
-1.317500E-03,+6.834170908E+00
-1.315000E-03,+7.035175935E+00
-1.312500E-03,+6.834170908E+00
-1.310000E-03,+6.834170908E+00
-1.307500E-03,+6.733668395E+00
-1.305000E-03,+6.231155827E+00
-1.302500E-03,+6.130653315E+00
-1.300000E-03,+5.628140748E+00
-1.297500E-03,+5.628140748E+00
-1.295000E-03,+5.226130694E+00
-1.292500E-03,+4.824120641E+00
-1.290000E-03,+4.422110587E+00
-1.287500E-03,+4.020100534E+00
-1.285000E-03,+3.618090481E+00
-1.282500E-03,+3.216080427E+00
-1.280000E-03,+3.216080427E+00
-1.277500E-03,+2.412060320E+00
-1.275000E-03,+2.010050267E+00
-1.272500E-03,+1.608040214E+00
-1.270000E-03,+804.020107E-03
-1.267500E-03,+301.507540E-03
-1.265000E-03,+201.005027E-03
-1.262500E-03,-402.010053E-03
-1.260000E-03,-1.206030160E+00
-1.257500E-03,-1.507537700E+00
-1.255000E-03,-1.608040214E+00
-1.252500E-03,-2.311557807E+00
-1.250000E-03,-2.814070374E+00
-1.247500E-03,-2.914572887E+00
-1.245000E-03,-3.618090481E+00
-1.242500E-03,-3.919598020E+00
-1.240000E-03,-3.618090481E+00
-1.237500E-03,-4.422110587E+00
-1.235000E-03,-4.623115614E+00
-1.232500E-03,-4.824120641E+00
-1.230000E-03,-5.226130694E+00
-1.227500E-03,-5.226130694E+00
-1.225000E-03,-5.628140748E+00
-1.222500E-03,-5.628140748E+00
-1.220000E-03,-5.628140748E+00
-1.217500E-03,-5.628140748E+00
-1.215000E-03,-5.628140748E+00
-1.212500E-03,-5.628140748E+00
-1.210000E-03,-5.628140748E+00
-1.207500E-03,-5.226130694E+00
-1.205000E-03,-5.226130694E+00
-1.202500E-03,-5.527638234E+00
-1.200000E-03,-5.226130694E+00
-1.197500E-03,-5.125628181E+00
-1.195000E-03,-4.824120641E+00
-1.192500E-03,-4.422110587E+00
-1.190000E-03,-4.422110587E+00
-1.187500E-03,-3.718592994E+00
-1.185000E-03,-3.618090481E+00
-1.182500E-03,-3.316582941E+00
-1.180000E-03,-3.216080427E+00
-1.177500E-03,-2.412060320E+00
-1.175000E-03,-2.211055293E+00
-1.172500E-03,-1.708542727E+00
-1.170000E-03,-1.608040214E+00
-1.167500E-03,-1.206030160E+00
-1.165000E-03,-1.005025133E+00
-1.162500E-03,-100.502514E-03
-1.160000E-03,+0.0E+00
-1.157500E-03,+100.502513E-03
-1.155000E-03,+603.015080E-03
-1.152500E-03,+904.522620E-03
-1.150000E-03,+1.206030160E+00
-1.147500E-03,+1.507537701E+00
-1.145000E-03,+2.010050267E+00
-1.142500E-03,+2.311557807E+00
-1.140000E-03,+2.412060321E+00
-1.137500E-03,+2.814070374E+00
-1.135000E-03,+2.814070374E+00
-1.132500E-03,+3.216080427E+00
-1.130000E-03,+3.618090481E+00
-1.127500E-03,+3.618090481E+00
-1.125000E-03,+3.618090481E+00
-1.122500E-03,+3.618090481E+00
-1.120000E-03,+4.020100534E+00
-1.117500E-03,+4.020100534E+00
-1.115000E-03,+4.020100534E+00
-1.112500E-03,+4.020100534E+00
-1.110000E-03,+4.020100534E+00
-1.107500E-03,+3.718592994E+00
-1.105000E-03,+3.819095508E+00
-1.102500E-03,+3.919598020E+00
-1.100000E-03,+3.618090481E+00
-1.097500E-03,+3.618090481E+00
-1.095000E-03,+3.618090481E+00
-1.092500E-03,+3.115577914E+00
-1.090000E-03,+3.216080427E+00
-1.087500E-03,+2.814070374E+00
-1.085000E-03,+2.613065347E+00
-1.082500E-03,+2.412060320E+00
-1.080000E-03,+2.010050267E+00
-1.077500E-03,+1.608040214E+00
-1.075000E-03,+1.407035187E+00
-1.072500E-03,+1.507537700E+00
-1.070000E-03,+804.020107E-03
-1.067500E-03,+703.517594E-03
-1.065000E-03,+201.005026E-03
-1.062500E-03,+0.0E+00
-1.060000E-03,+0.0E+00
-1.057500E-03,-402.010053E-03
-1.055000E-03,-804.020107E-03
-1.052500E-03,-904.522620E-03
-1.050000E-03,-1.206030160E+00
-1.047500E-03,-1.608040214E+00
-1.045000E-03,-1.809045240E+00
-1.042500E-03,-1.909547753E+00
-1.040000E-03,-2.412060320E+00
-1.037500E-03,-2.412060320E+00
-1.035000E-03,-2.412060320E+00
-1.032500E-03,-2.914572887E+00
-1.030000E-03,-3.216080427E+00
-1.027500E-03,-3.216080427E+00
-1.025000E-03,-3.216080427E+00
-1.022500E-03,-3.517587967E+00
-1.020000E-03,-3.618090481E+00
-1.017500E-03,-3.316582940E+00
-1.015000E-03,-3.417085454E+00
-1.012500E-03,-3.618090481E+00
-1.010000E-03,-3.618090481E+00
-1.007500E-03,-3.316582940E+00
-1.005000E-03,-3.618090481E+00
-1.002500E-03,-3.316582941E+00
-1.000000E-03,-3.216080427E+00
-997.500E-06,-3.216080427E+00
-995.000E-06,-3.417085454E+00
-992.500E-06,-2.914572887E+00
-990.000E-06,-2.814070374E+00
-987.500E-06,-2.814070374E+00
-985.000E-06,-2.412060320E+00
-982.500E-06,-2.412060320E+00
-980.000E-06,-2.010050267E+00
-977.500E-06,-1.909547754E+00
-975.000E-06,-1.809045241E+00
-972.500E-06,-1.608040214E+00
-970.000E-06,-1.206030161E+00
-967.500E-06,-1.206030160E+00
-965.000E-06,-1.206030160E+00
-962.500E-06,-804.020107E-03
-960.000E-06,-402.010053E-03
-957.500E-06,+0.0E+00
-955.000E-06,+0.0E+00
-952.500E-06,+402.010053E-03
-950.000E-06,+402.010053E-03
-947.500E-06,+804.020107E-03
-945.000E-06,+804.020107E-03
-942.500E-06,+904.522620E-03
-940.000E-06,+1.206030160E+00
-937.500E-06,+1.206030160E+00
-935.000E-06,+1.206030160E+00
-932.500E-06,+1.608040214E+00
-930.000E-06,+1.608040214E+00
-927.500E-06,+2.010050267E+00
-925.000E-06,+2.010050267E+00
-922.500E-06,+2.010050267E+00
-920.000E-06,+2.412060320E+00
-917.500E-06,+2.110552780E+00
-915.000E-06,+2.211055294E+00
-912.500E-06,+2.412060320E+00
-910.000E-06,+2.412060320E+00
-907.500E-06,+2.412060320E+00
-905.000E-06,+2.010050267E+00
-902.500E-06,+2.110552781E+00
-900.000E-06,+2.010050267E+00
-897.500E-06,+2.311557807E+00
-895.000E-06,+2.010050267E+00
-892.500E-06,+2.010050267E+00
-890.000E-06,+2.010050267E+00
-887.500E-06,+1.909547754E+00
-885.000E-06,+1.608040214E+00
-882.500E-06,+1.507537700E+00
-880.000E-06,+1.608040213E+00
-877.500E-06,+1.206030160E+00
-875.000E-06,+1.005025134E+00
-872.500E-06,+703.517593E-03
-870.000E-06,+402.010054E-03
-867.500E-06,+502.512566E-03
-865.000E-06,+402.010053E-03
-862.500E-06,+100.502514E-03
-860.000E-06,+0.0E+00
-857.500E-06,-100.502513E-03
-855.000E-06,-402.010053E-03
-852.500E-06,-703.517593E-03
-850.000E-06,-402.010054E-03
-847.500E-06,-1.105527647E+00
-845.000E-06,-1.005025134E+00
-842.500E-06,-1.206030160E+00
-840.000E-06,-1.608040213E+00
-837.500E-06,-1.909547754E+00
-835.000E-06,-1.608040214E+00
-832.500E-06,-1.608040214E+00
-830.000E-06,-1.608040214E+00
-827.500E-06,-2.010050267E+00
-825.000E-06,-2.010050267E+00
-822.500E-06,-2.010050267E+00
-820.000E-06,-2.412060320E+00
-817.500E-06,-2.010050267E+00
-815.000E-06,-2.211055294E+00
-812.500E-06,-2.010050267E+00
-810.000E-06,-2.412060320E+00
-807.500E-06,-2.311557807E+00
-805.000E-06,-2.211055293E+00
-802.500E-06,-2.311557807E+00
-800.000E-06,-2.412060320E+00
-797.500E-06,-2.412060320E+00
-795.000E-06,-2.211055294E+00
-792.500E-06,-2.010050267E+00
-790.000E-06,-2.010050267E+00
-787.500E-06,-2.010050267E+00
-785.000E-06,-1.809045241E+00
-782.500E-06,-1.608040214E+00
-780.000E-06,-1.608040214E+00
-777.500E-06,-1.608040214E+00
-775.000E-06,-1.206030160E+00
-772.500E-06,-1.206030160E+00
-770.000E-06,-804.020107E-03
-767.500E-06,-904.522620E-03
-765.000E-06,-804.020107E-03
-762.500E-06,-804.020107E-03
-760.000E-06,-402.010053E-03
-757.500E-06,-402.010053E-03
-755.000E-06,-402.010053E-03
-752.500E-06,-100.502514E-03
-750.000E-06,+0.0E+00
-747.500E-06,+0.0E+00
-745.000E-06,+201.005027E-03
-742.500E-06,+402.010053E-03
-740.000E-06,+402.010053E-03
-737.500E-06,+703.517594E-03
-735.000E-06,+603.015080E-03
-732.500E-06,+804.020107E-03
-730.000E-06,+804.020107E-03
-727.500E-06,+804.020107E-03
-725.000E-06,+1.206030160E+00
-722.500E-06,+904.522620E-03
-720.000E-06,+1.206030160E+00
-717.500E-06,+1.206030160E+00
-715.000E-06,+1.206030160E+00
-712.500E-06,+1.206030160E+00
-710.000E-06,+1.206030160E+00
-707.500E-06,+1.206030160E+00
-705.000E-06,+1.407035187E+00
-702.500E-06,+1.206030160E+00
-700.000E-06,+1.206030160E+00
-697.500E-06,+1.206030160E+00
-695.000E-06,+1.206030160E+00
-692.500E-06,+1.206030160E+00
-690.000E-06,+804.020107E-03
-687.500E-06,+1.206030160E+00
-685.000E-06,+1.005025133E+00
-682.500E-06,+804.020107E-03
-680.000E-06,+804.020107E-03
-677.500E-06,+703.517594E-03
-675.000E-06,+804.020107E-03
-672.500E-06,+402.010053E-03
-670.000E-06,+402.010053E-03
-667.500E-06,+402.010053E-03
-665.000E-06,+402.010053E-03
-662.500E-06,+100.502514E-03
-660.000E-06,+402.010053E-03
-657.500E-06,+0.0E+00
-655.000E-06,+0.0E+00
-652.500E-06,-100.502514E-03
-650.000E-06,-402.010053E-03
-647.500E-06,-100.502513E-03
-645.000E-06,-603.015080E-03
-642.500E-06,-402.010053E-03
-640.000E-06,-402.010053E-03
-637.500E-06,-804.020107E-03
-635.000E-06,-804.020107E-03
-632.500E-06,-904.522620E-03
-630.000E-06,-1.206030160E+00
-627.500E-06,-1.206030160E+00
-625.000E-06,-1.206030160E+00
-622.500E-06,-1.206030160E+00
-620.000E-06,-1.206030160E+00
-617.500E-06,-1.608040214E+00
-615.000E-06,-1.407035187E+00
-612.500E-06,-1.306532674E+00
-610.000E-06,-1.608040213E+00
-607.500E-06,-1.306532673E+00
-605.000E-06,-1.608040214E+00
-602.500E-06,-1.507537700E+00
-600.000E-06,-1.608040213E+00
-597.500E-06,-1.608040214E+00
-595.000E-06,-1.608040214E+00
-592.500E-06,-1.608040214E+00
-590.000E-06,-1.206030160E+00
-587.500E-06,-1.507537701E+00
-585.000E-06,-1.206030160E+00
-582.500E-06,-1.206030160E+00
-580.000E-06,-1.206030160E+00
-577.500E-06,-1.105527647E+00
-575.000E-06,-1.005025134E+00
-572.500E-06,-1.105527647E+00
-570.000E-06,-804.020107E-03
-567.500E-06,-804.020107E-03
-565.000E-06,-603.015080E-03
-562.500E-06,-703.517593E-03
-560.000E-06,-402.010053E-03
-557.500E-06,-402.010053E-03
-555.000E-06,-402.010053E-03
-552.500E-06,-100.502514E-03
-550.000E-06,-402.010053E-03
-547.500E-06,+0.0E+00
-545.000E-06,-201.005026E-03
-542.500E-06,+0.0E+00
-540.000E-06,+0.0E+00
-537.500E-06,+0.0E+00
-535.000E-06,+402.010053E-03
-532.500E-06,+402.010053E-03
-530.000E-06,+402.010053E-03
-527.500E-06,+402.010053E-03
-525.000E-06,+402.010053E-03
-522.500E-06,+402.010053E-03
-520.000E-06,+402.010053E-03
-517.500E-06,+402.010053E-03
-515.000E-06,+603.015080E-03
-512.500E-06,+402.010053E-03
-510.000E-06,+804.020107E-03
-507.500E-06,+804.020107E-03
-505.000E-06,+603.015080E-03
-502.500E-06,+703.517593E-03
-500.000E-06,+402.010054E-03
-497.500E-06,+402.010053E-03
-495.000E-06,+603.015080E-03
-492.500E-06,+703.517593E-03
-490.000E-06,+402.010054E-03
-487.500E-06,+804.020107E-03
-485.000E-06,+603.015080E-03
-482.500E-06,+402.010053E-03
-480.000E-06,+402.010053E-03
-477.500E-06,+402.010053E-03
-475.000E-06,+402.010053E-03
-472.500E-06,+301.507540E-03
-470.000E-06,+0.0E+00
-467.500E-06,+402.010053E-03
-465.000E-06,+201.005027E-03
-462.500E-06,+0.0E+00
-460.000E-06,+0.0E+00
-457.500E-06,+301.507540E-03
-455.000E-06,+0.0E+00
-452.500E-06,-402.010053E-03
-450.000E-06,-402.010053E-03
-447.500E-06,-402.010053E-03
-445.000E-06,-402.010053E-03
-442.500E-06,-703.517593E-03
-440.000E-06,-402.010053E-03
-437.500E-06,-703.517594E-03
-435.000E-06,-402.010053E-03
-432.500E-06,-804.020107E-03
-430.000E-06,-804.020106E-03
-427.500E-06,-804.020107E-03
-425.000E-06,-804.020107E-03
-422.500E-06,-804.020107E-03
-420.000E-06,-804.020107E-03
-417.500E-06,-804.020107E-03
-415.000E-06,-804.020107E-03
-412.500E-06,-804.020107E-03
-410.000E-06,-1.206030160E+00
-407.500E-06,-1.105527647E+00
-405.000E-06,-804.020107E-03
-402.500E-06,-804.020107E-03
-400.000E-06,-804.020107E-03
-397.500E-06,-904.522620E-03
-395.000E-06,-1.005025133E+00
-392.500E-06,-1.206030160E+00
-390.000E-06,-1.206030160E+00
-387.500E-06,-804.020107E-03
-385.000E-06,-804.020107E-03
-382.500E-06,-904.522620E-03
-380.000E-06,-804.020107E-03
-377.500E-06,-804.020107E-03
-375.000E-06,-804.020107E-03
-372.500E-06,-804.020107E-03
-370.000E-06,-402.010054E-03
-367.500E-06,-804.020107E-03
-365.000E-06,-804.020107E-03
-362.500E-06,-402.010053E-03
-360.000E-06,-402.010053E-03
-357.500E-06,-502.512566E-03
-355.000E-06,-804.020107E-03
-352.500E-06,-402.010053E-03
-350.000E-06,-402.010053E-03
-347.500E-06,-402.010053E-03
-345.000E-06,-201.005026E-03
-342.500E-06,-100.502514E-03
-340.000E-06,-402.010053E-03
-337.500E-06,-100.502513E-03
-335.000E-06,+0.0E+00
-332.500E-06,+0.0E+00
-330.000E-06,+0.0E+00
-327.500E-06,+0.0E+00
-325.000E-06,+0.0E+00
-322.500E-06,+0.0E+00
-320.000E-06,+0.0E+00
-317.500E-06,+100.502513E-03
-315.000E-06,+0.0E+00
-312.500E-06,+100.502514E-03
-310.000E-06,+402.010053E-03
-307.500E-06,+402.010053E-03
-305.000E-06,+201.005026E-03
-302.500E-06,+301.507540E-03
-300.000E-06,+402.010053E-03
-297.500E-06,+100.502513E-03
-295.000E-06,+402.010053E-03
-292.500E-06,+402.010053E-03
-290.000E-06,+402.010053E-03
-287.500E-06,+402.010053E-03
-285.000E-06,+402.010053E-03
-282.500E-06,+301.507540E-03
-280.000E-06,+0.0E+00
-277.500E-06,+0.0E+00
-275.000E-06,+201.005027E-03
-272.500E-06,+0.0E+00
-270.000E-06,+0.0E+00
-267.500E-06,+0.0E+00
-265.000E-06,+0.0E+00
-262.500E-06,+0.0E+00
-260.000E-06,+0.0E+00
-257.500E-06,-301.507540E-03
-255.000E-06,-402.010053E-03
-252.500E-06,+0.0E+00
-250.000E-06,-402.010053E-03
-247.500E-06,-402.010053E-03
-245.000E-06,-201.005026E-03
-242.500E-06,-402.010053E-03
-240.000E-06,-402.010053E-03
-237.500E-06,-402.010053E-03
-235.000E-06,-402.010053E-03
-232.500E-06,-502.512567E-03
-230.000E-06,-402.010054E-03
-227.500E-06,-402.010053E-03
-225.000E-06,-402.010053E-03
-222.500E-06,-502.512567E-03
-220.000E-06,-804.020106E-03
-217.500E-06,-703.517594E-03
-215.000E-06,-804.020107E-03
-212.500E-06,-703.517593E-03
-210.000E-06,-804.020107E-03
-207.500E-06,-703.517594E-03
-205.000E-06,-804.020107E-03
-202.500E-06,-502.512567E-03
-200.000E-06,-402.010054E-03
-197.500E-06,-703.517594E-03
-195.000E-06,-603.015080E-03
-192.500E-06,-804.020107E-03
-190.000E-06,-804.020107E-03
-187.500E-06,-402.010053E-03
-185.000E-06,-804.020107E-03
-182.500E-06,-804.020107E-03
-180.000E-06,-402.010053E-03
-177.500E-06,-804.020107E-03
-175.000E-06,-402.010053E-03
-172.500E-06,-402.010053E-03
-170.000E-06,-402.010053E-03
-167.500E-06,-804.020107E-03
-165.000E-06,-603.015080E-03
-162.500E-06,-402.010053E-03
-160.000E-06,-402.010053E-03
-157.500E-06,-703.517594E-03
-155.000E-06,-603.015080E-03
-152.500E-06,-402.010053E-03
-150.000E-06,-0.0E+00
-147.500E-06,-301.507540E-03
-145.000E-06,-201.005026E-03
-142.500E-06,-301.507540E-03
-140.000E-06,-0.0E+00
-137.500E-06,-100.502513E-03
-135.000E-06,-201.005026E-03
-132.500E-06,+0.0E+00
-130.000E-06,+0.0E+00
-127.500E-06,-301.507540E-03
-125.000E-06,+0.0E+00
-122.500E-06,+0.0E+00
-120.000E-06,+0.0E+00
-117.500E-06,+0.0E+00
-115.000E-06,+0.0E+00
-112.500E-06,+100.502514E-03
-110.000E-06,+0.0E+00
-107.500E-06,+0.0E+00
-105.000E-06,+0.0E+00
-102.500E-06,+0.0E+00
-100.000E-06,+0.0E+00
-97.500E-06,+301.507540E-03
-95.000E-06,+0.0E+00
-92.500E-06,+0.0E+00
-90.000E-06,-402.010053E-03
-87.500E-06,+301.507540E-03
-85.000E-06,+0.0E+00
-82.500E-06,+0.0E+00
-80.000E-06,+0.0E+00
-77.500E-06,+0.0E+00
-75.000E-06,+0.0E+00
-72.500E-06,+0.0E+00
-70.000E-06,+0.0E+00
-67.500E-06,+0.0E+00
-65.000E-06,+0.0E+00
-62.500E-06,+0.0E+00
-60.000E-06,-402.010053E-03
-57.500E-06,+0.0E+00
-55.000E-06,+0.0E+00
-52.500E-06,+0.0E+00
-50.000E-06,-0.0E+00
-47.500E-06,-100.502513E-03
-45.000E-06,-201.005027E-03
-42.500E-06,-301.507540E-03
-40.000E-06,-402.010053E-03
-37.500E-06,-402.010053E-03
-35.000E-06,-402.010053E-03
-32.500E-06,-402.010053E-03
-30.000E-06,-402.010053E-03
-27.500E-06,-100.502513E-03
-25.000E-06,-402.010053E-03
-22.500E-06,-402.010053E-03
-20.000E-06,-402.010053E-03
-17.500E-06,-402.010053E-03
-15.000E-06,-402.010053E-03
-12.500E-06,-402.010053E-03
-10.000E-06,-402.010053E-03
-7.500E-06,-402.010053E-03
-5.000E-06,-603.015080E-03
-2.500E-06,-502.512567E-03
-0.0E+00,-24.522613239E+00
+2.500E-06,-19.296482563E+00
+5.000E-06,-18.894472510E+00
+7.500E-06,-18.793969996E+00
+10.000E-06,-18.090452403E+00
+12.500E-06,-17.688442349E+00
+15.000E-06,-17.286432296E+00
+17.500E-06,-16.482412189E+00
+20.000E-06,-15.276382029E+00
+22.500E-06,-14.572864435E+00
+25.000E-06,-13.668341815E+00
+27.500E-06,-12.864321709E+00
+30.000E-06,-11.256281495E+00
+32.500E-06,-10.452261388E+00
+35.000E-06,-9.447236255E+00
+37.500E-06,-8.040201068E+00
+40.000E-06,-6.834170908E+00
+42.500E-06,-5.226130694E+00
+45.000E-06,-4.020100534E+00
+47.500E-06,-2.814070374E+00
+50.000E-06,-1.608040214E+00
+52.500E-06,-402.010053E-03
+55.000E-06,+804.020107E-03
+57.500E-06,+2.010050267E+00
+60.000E-06,+3.618090480E+00
+62.500E-06,+4.824120641E+00
+65.000E-06,+5.829145775E+00
+67.500E-06,+6.834170908E+00
+70.000E-06,+8.040201068E+00
+72.500E-06,+8.844221175E+00
+75.000E-06,+10.050251335E+00
+77.500E-06,+10.452261388E+00
+80.000E-06,+12.060301602E+00
+82.500E-06,+12.462311655E+00
+85.000E-06,+12.663316682E+00
+87.500E-06,+13.366834276E+00
+90.000E-06,+14.070351869E+00
+92.500E-06,+14.170854382E+00
+95.000E-06,+14.472361922E+00
+97.500E-06,+14.773869462E+00
+100.000E-06,+14.874371976E+00
+102.500E-06,+14.874371976E+00
+105.000E-06,+14.874371976E+00
+107.500E-06,+14.472361922E+00
+110.000E-06,+14.070351869E+00
+112.500E-06,+13.969849356E+00
+115.000E-06,+13.668341815E+00
+117.500E-06,+12.864321709E+00
+120.000E-06,+12.462311655E+00
+122.500E-06,+11.658291548E+00
+125.000E-06,+10.854271442E+00
+127.500E-06,+10.050251335E+00
+130.000E-06,+9.246231228E+00
+132.500E-06,+8.542713634E+00
+135.000E-06,+7.638191015E+00
+137.500E-06,+6.532663368E+00
+140.000E-06,+5.628140748E+00
+142.500E-06,+4.723618128E+00
+145.000E-06,+3.819095507E+00
+147.500E-06,+2.512562834E+00
+150.000E-06,+1.608040213E+00
+152.500E-06,+703.517594E-03
+155.000E-06,-402.010053E-03
+157.500E-06,-1.206030160E+00
+160.000E-06,-2.412060320E+00
+162.500E-06,-3.216080427E+00
+165.000E-06,-4.221105561E+00
+167.500E-06,-5.125628181E+00
+170.000E-06,-6.030150801E+00
+172.500E-06,-6.834170908E+00
+175.000E-06,-7.437185988E+00
+177.500E-06,-8.040201068E+00
+180.000E-06,-8.844221175E+00
+182.500E-06,-9.246231228E+00
+185.000E-06,-10.050251335E+00
+187.500E-06,-10.452261388E+00
+190.000E-06,-10.854271442E+00
+192.500E-06,-11.256281495E+00
+195.000E-06,-11.457286521E+00
+197.500E-06,-11.658291548E+00
+200.000E-06,-12.060301602E+00
+202.500E-06,-11.758794062E+00
+205.000E-06,-11.658291548E+00
+207.500E-06,-11.658291548E+00
+210.000E-06,-11.658291548E+00
+212.500E-06,-11.658291548E+00
+215.000E-06,-11.256281495E+00
+217.500E-06,-10.954773955E+00
+220.000E-06,-10.452261388E+00
+222.500E-06,-10.050251335E+00
+225.000E-06,-9.447236255E+00
+227.500E-06,-8.743718661E+00
+230.000E-06,-8.040201068E+00
+232.500E-06,-7.638191015E+00
+235.000E-06,-7.035175935E+00
+237.500E-06,-6.331658341E+00
+240.000E-06,-5.628140748E+00
+242.500E-06,-4.824120641E+00
+245.000E-06,-3.618090481E+00
+247.500E-06,-3.216080427E+00
+250.000E-06,-2.412060320E+00
+252.500E-06,-1.608040214E+00
+255.000E-06,-804.020107E-03
+257.500E-06,+0.0E+00
+260.000E-06,+804.020106E-03
+262.500E-06,+1.608040214E+00
+265.000E-06,+2.010050267E+00
+267.500E-06,+2.814070374E+00
+270.000E-06,+3.618090481E+00
+272.500E-06,+4.321608074E+00
+275.000E-06,+4.824120641E+00
+277.500E-06,+5.628140748E+00
+280.000E-06,+5.628140748E+00
+282.500E-06,+6.532663367E+00
+285.000E-06,+7.035175935E+00
+287.500E-06,+7.336683475E+00
+290.000E-06,+7.638191015E+00
+292.500E-06,+8.040201068E+00
+295.000E-06,+8.241206095E+00
+297.500E-06,+8.442211121E+00
+300.000E-06,+8.844221174E+00
+302.500E-06,+8.844221175E+00
+305.000E-06,+8.643216148E+00
+307.500E-06,+8.944723688E+00
+310.000E-06,+8.442211122E+00
+312.500E-06,+8.442211121E+00
+315.000E-06,+8.442211121E+00
+317.500E-06,+8.442211121E+00
+320.000E-06,+8.040201068E+00
+322.500E-06,+7.638191015E+00
+325.000E-06,+7.236180961E+00
+327.500E-06,+6.834170908E+00
+330.000E-06,+6.432160854E+00
+332.500E-06,+6.030150801E+00
+335.000E-06,+5.226130694E+00
+337.500E-06,+4.824120641E+00
+340.000E-06,+4.422110587E+00
+342.500E-06,+3.618090481E+00
+345.000E-06,+3.015075401E+00
+347.500E-06,+2.412060320E+00
+350.000E-06,+1.608040214E+00
+352.500E-06,+1.206030160E+00
+355.000E-06,+804.020107E-03
+357.500E-06,+100.502514E-03
+360.000E-06,-402.010053E-03
+362.500E-06,-1.105527647E+00
+365.000E-06,-1.809045240E+00
+367.500E-06,-2.010050267E+00
+370.000E-06,-2.814070374E+00
+372.500E-06,-3.316582940E+00
+375.000E-06,-3.819095508E+00
+377.500E-06,-4.120603048E+00
+380.000E-06,-4.824120641E+00
+382.500E-06,-5.226130694E+00
+385.000E-06,-5.628140748E+00
+387.500E-06,-6.030150801E+00
+390.000E-06,-6.432160854E+00
+392.500E-06,-6.432160854E+00
+395.000E-06,-7.035175935E+00
+397.500E-06,-7.135678447E+00
+400.000E-06,-7.236180961E+00
+402.500E-06,-7.236180961E+00
+405.000E-06,-7.236180961E+00
+407.500E-06,-7.236180961E+00
+410.000E-06,-7.236180961E+00
+412.500E-06,-7.537688501E+00
+415.000E-06,-7.236180961E+00
+417.500E-06,-7.135678447E+00
+420.000E-06,-6.834170908E+00
+422.500E-06,-6.432160854E+00
+425.000E-06,-6.432160854E+00
+427.500E-06,-6.030150801E+00
+430.000E-06,-6.030150801E+00
+432.500E-06,-5.226130694E+00
+435.000E-06,-5.025125668E+00
+437.500E-06,-4.522613101E+00
+440.000E-06,-4.020100534E+00
+442.500E-06,-3.618090481E+00
+445.000E-06,-3.216080427E+00
+447.500E-06,-2.814070374E+00
+450.000E-06,-2.412060320E+00
+452.500E-06,-2.010050267E+00
+455.000E-06,-1.206030160E+00
+457.500E-06,-804.020107E-03
+460.000E-06,-402.010053E-03
+462.500E-06,+100.502513E-03
+465.000E-06,+402.010053E-03
+467.500E-06,+904.522620E-03
+470.000E-06,+1.206030160E+00
+472.500E-06,+1.608040214E+00
+475.000E-06,+2.412060320E+00
+477.500E-06,+2.412060320E+00
+480.000E-06,+3.216080427E+00
+482.500E-06,+3.618090481E+00
+485.000E-06,+3.618090481E+00
+487.500E-06,+4.020100534E+00
+490.000E-06,+4.020100534E+00
+492.500E-06,+4.422110587E+00
+495.000E-06,+4.623115614E+00
+497.500E-06,+4.522613101E+00
+500.000E-06,+5.226130694E+00
+502.500E-06,+5.125628181E+00
+505.000E-06,+5.226130694E+00
+507.500E-06,+4.924623154E+00
+510.000E-06,+5.226130694E+00
+512.500E-06,+5.326633207E+00
+515.000E-06,+5.226130694E+00
+517.500E-06,+5.226130694E+00
+520.000E-06,+4.824120640E+00
+522.500E-06,+4.824120641E+00
+525.000E-06,+4.422110587E+00
+527.500E-06,+4.522613101E+00
+530.000E-06,+4.020100534E+00
+532.500E-06,+3.618090481E+00
+535.000E-06,+3.618090481E+00
+537.500E-06,+3.517587967E+00
+540.000E-06,+2.814070374E+00
+542.500E-06,+2.412060320E+00
+545.000E-06,+2.412060320E+00
+547.500E-06,+1.708542727E+00
+550.000E-06,+1.608040214E+00
+552.500E-06,+1.206030160E+00
+555.000E-06,+804.020107E-03
+557.500E-06,+402.010053E-03
+560.000E-06,+0.0E+00
+562.500E-06,-402.010053E-03
+565.000E-06,-402.010053E-03
+567.500E-06,-1.206030160E+00
+570.000E-06,-1.206030160E+00
+572.500E-06,-1.608040214E+00
+575.000E-06,-2.010050267E+00
+577.500E-06,-2.010050267E+00
+580.000E-06,-2.412060320E+00
+582.500E-06,-2.814070374E+00
+585.000E-06,-3.015075401E+00
+587.500E-06,-3.216080427E+00
+590.000E-06,-3.618090480E+00
+592.500E-06,-3.919598021E+00
+595.000E-06,-4.020100534E+00
+597.500E-06,-4.321608074E+00
+600.000E-06,-4.020100534E+00
+602.500E-06,-4.422110587E+00
+605.000E-06,-4.422110587E+00
+607.500E-06,-4.422110587E+00
+610.000E-06,-4.422110587E+00
+612.500E-06,-4.723618128E+00
+615.000E-06,-4.824120641E+00
+617.500E-06,-4.422110587E+00
+620.000E-06,-4.020100534E+00
+622.500E-06,-4.321608074E+00
+625.000E-06,-4.020100534E+00
+627.500E-06,-4.321608074E+00
+630.000E-06,-4.020100534E+00
+632.500E-06,-3.618090481E+00
+635.000E-06,-3.417085454E+00
+637.500E-06,-3.216080427E+00
+640.000E-06,-2.814070374E+00
+642.500E-06,-2.814070374E+00
+645.000E-06,-2.412060320E+00
+647.500E-06,-2.311557807E+00
+650.000E-06,-2.010050267E+00
+652.500E-06,-2.010050267E+00
+655.000E-06,-1.608040214E+00
+657.500E-06,-1.206030160E+00
+660.000E-06,-804.020107E-03
+662.500E-06,-402.010053E-03
+665.000E-06,-201.005026E-03
+667.500E-06,+0.0E+00
+670.000E-06,+402.010054E-03
+672.500E-06,+402.010053E-03
+675.000E-06,+804.020107E-03
+677.500E-06,+1.206030160E+00
+680.000E-06,+1.608040213E+00
+682.500E-06,+1.608040214E+00
+685.000E-06,+1.608040214E+00
+687.500E-06,+2.010050267E+00
+690.000E-06,+2.010050267E+00
+692.500E-06,+2.412060320E+00
+695.000E-06,+2.412060320E+00
+697.500E-06,+2.814070374E+00
+700.000E-06,+2.814070374E+00
+702.500E-06,+3.115577914E+00
+705.000E-06,+3.015075400E+00
+707.500E-06,+2.814070374E+00
+710.000E-06,+2.814070374E+00
+712.500E-06,+3.216080427E+00
+715.000E-06,+3.216080427E+00
+717.500E-06,+3.115577914E+00
+720.000E-06,+3.216080427E+00
+722.500E-06,+3.115577914E+00
+725.000E-06,+2.613065347E+00
+727.500E-06,+2.512562834E+00
+730.000E-06,+2.814070373E+00
+732.500E-06,+2.412060320E+00
+735.000E-06,+2.010050267E+00
+737.500E-06,+2.412060320E+00
+740.000E-06,+2.010050267E+00
+742.500E-06,+1.608040214E+00
+745.000E-06,+1.407035187E+00
+747.500E-06,+1.507537700E+00
+750.000E-06,+804.020107E-03
+752.500E-06,+804.020107E-03
+755.000E-06,+804.020107E-03
+757.500E-06,+502.512567E-03
+760.000E-06,+402.010053E-03
+762.500E-06,+0.0E+00
+765.000E-06,-201.005027E-03
+767.500E-06,-402.010053E-03
+770.000E-06,-402.010054E-03
+772.500E-06,-804.020107E-03
+775.000E-06,-1.005025134E+00
+777.500E-06,-1.105527647E+00
+780.000E-06,-1.206030160E+00
+782.500E-06,-1.608040214E+00
+785.000E-06,-1.608040214E+00
+787.500E-06,-2.010050267E+00
+790.000E-06,-2.010050267E+00
+792.500E-06,-2.311557807E+00
+795.000E-06,-2.412060320E+00
+797.500E-06,-2.412060320E+00
+800.000E-06,-2.412060321E+00
+802.500E-06,-2.814070374E+00
+805.000E-06,-2.814070374E+00
+807.500E-06,-2.814070374E+00
+810.000E-06,-2.814070374E+00
+812.500E-06,-3.115577914E+00
+815.000E-06,-2.814070374E+00
+817.500E-06,-2.814070374E+00
+820.000E-06,-2.814070374E+00
+822.500E-06,-2.512562833E+00
+825.000E-06,-2.814070374E+00
+827.500E-06,-2.713567860E+00
+830.000E-06,-2.412060320E+00
+832.500E-06,-2.412060320E+00
+835.000E-06,-2.412060320E+00
+837.500E-06,-2.412060320E+00
+840.000E-06,-2.010050267E+00
+842.500E-06,-1.608040214E+00
+845.000E-06,-1.809045241E+00
+847.500E-06,-1.608040214E+00
+850.000E-06,-1.206030160E+00
+852.500E-06,-1.306532673E+00
+855.000E-06,-1.206030160E+00
+857.500E-06,-804.020107E-03
+860.000E-06,-804.020107E-03
+862.500E-06,-703.517594E-03
+865.000E-06,-402.010053E-03
+867.500E-06,-402.010053E-03
+870.000E-06,-402.010053E-03
+872.500E-06,+0.0E+00
+875.000E-06,+201.005026E-03
+877.500E-06,+402.010053E-03
+880.000E-06,+402.010054E-03
+882.500E-06,+804.020107E-03
+885.000E-06,+804.020107E-03
+887.500E-06,+1.105527647E+00
+890.000E-06,+804.020107E-03
+892.500E-06,+904.522620E-03
+895.000E-06,+1.206030160E+00
+897.500E-06,+1.507537700E+00
+900.000E-06,+1.206030160E+00
+902.500E-06,+1.708542727E+00
+905.000E-06,+1.608040214E+00
+907.500E-06,+1.608040214E+00
+910.000E-06,+2.010050267E+00
+912.500E-06,+1.608040214E+00
+915.000E-06,+1.608040214E+00
+917.500E-06,+1.708542727E+00
+920.000E-06,+2.010050267E+00
+922.500E-06,+1.708542727E+00
+925.000E-06,+1.608040214E+00
+927.500E-06,+1.608040214E+00
+930.000E-06,+1.608040214E+00
+932.500E-06,+1.608040214E+00
+935.000E-06,+1.206030160E+00
+937.500E-06,+1.206030160E+00
+940.000E-06,+1.608040214E+00
+942.500E-06,+1.206030160E+00
+945.000E-06,+1.206030160E+00
+947.500E-06,+804.020107E-03
+950.000E-06,+804.020107E-03
+952.500E-06,+804.020107E-03
+955.000E-06,+603.015080E-03
+957.500E-06,+402.010053E-03
+960.000E-06,+0.0E+00
+962.500E-06,+402.010053E-03
+965.000E-06,+0.0E+00
+967.500E-06,+0.0E+00
+970.000E-06,-402.010053E-03
+972.500E-06,-402.010053E-03
+975.000E-06,-402.010053E-03
+977.500E-06,-804.020107E-03
+980.000E-06,-804.020107E-03
+982.500E-06,-804.020107E-03
+985.000E-06,-1.206030160E+00
+987.500E-06,-1.206030160E+00
+990.000E-06,-1.206030160E+00
+992.500E-06,-1.306532673E+00
+995.000E-06,-1.608040214E+00
+997.500E-06,-1.206030160E+00
+1.000000E-03,-1.608040214E+00
+1.002500E-03,-1.608040214E+00
+1.005000E-03,-1.608040214E+00
+1.007500E-03,-1.708542727E+00
+1.010000E-03,-2.010050267E+00
+1.012500E-03,-2.010050267E+00
+1.015000E-03,-1.608040214E+00
+1.017500E-03,-1.708542727E+00
+1.020000E-03,-1.608040214E+00
+1.022500E-03,-2.010050267E+00
+1.025000E-03,-1.608040214E+00
+1.027500E-03,-2.010050267E+00
+1.030000E-03,-2.010050267E+00
+1.032500E-03,-1.608040214E+00
+1.035000E-03,-1.608040214E+00
+1.037500E-03,-1.507537700E+00
+1.040000E-03,-1.608040214E+00
+1.042500E-03,-1.306532673E+00
+1.045000E-03,-1.407035187E+00
+1.047500E-03,-1.206030160E+00
+1.050000E-03,-1.206030160E+00
+1.052500E-03,-804.020107E-03
+1.055000E-03,-804.020107E-03
+1.057500E-03,-804.020107E-03
+1.060000E-03,-804.020107E-03
+1.062500E-03,-703.517594E-03
+1.065000E-03,-603.015080E-03
+1.067500E-03,-502.512567E-03
+1.070000E-03,-402.010053E-03
+1.072500E-03,-100.502513E-03
+1.075000E-03,-201.005026E-03
+1.077500E-03,+0.0E+00
+1.080000E-03,+0.0E+00
+1.082500E-03,+0.0E+00
+1.085000E-03,+201.005027E-03
+1.087500E-03,+402.010053E-03
+1.090000E-03,+402.010053E-03
+1.092500E-03,+402.010053E-03
+1.095000E-03,+402.010053E-03
+1.097500E-03,+502.512567E-03
+1.100000E-03,+804.020107E-03
+1.102500E-03,+804.020107E-03
+1.105000E-03,+804.020107E-03
+1.107500E-03,+804.020107E-03
+1.110000E-03,+804.020107E-03
+1.112500E-03,+904.522620E-03
+1.115000E-03,+804.020107E-03
+1.117500E-03,+804.020107E-03
+1.120000E-03,+1.206030160E+00
+1.122500E-03,+904.522620E-03
+1.125000E-03,+804.020107E-03
+1.127500E-03,+1.105527647E+00
+1.130000E-03,+1.206030160E+00
+1.132500E-03,+804.020107E-03
+1.135000E-03,+804.020107E-03
+1.137500E-03,+502.512567E-03
+1.140000E-03,+804.020107E-03
+1.142500E-03,+502.512566E-03
+1.145000E-03,+603.015080E-03
+1.147500E-03,+804.020107E-03
+1.150000E-03,+402.010053E-03
+1.152500E-03,+402.010053E-03
+1.155000E-03,+402.010053E-03
+1.157500E-03,+301.507540E-03
+1.160000E-03,+402.010053E-03
+1.162500E-03,+0.0E+00
+1.165000E-03,-201.005027E-03
+1.167500E-03,+0.0E+00
+1.170000E-03,+0.0E+00
+1.172500E-03,-100.502513E-03
+1.175000E-03,-402.010053E-03
+1.177500E-03,-402.010053E-03
+1.180000E-03,-402.010054E-03
+1.182500E-03,-502.512566E-03
+1.185000E-03,-603.015080E-03
+1.187500E-03,-804.020107E-03
+1.190000E-03,-804.020106E-03
+1.192500E-03,-804.020107E-03
+1.195000E-03,-804.020107E-03
+1.197500E-03,-804.020107E-03
+1.200000E-03,-804.020107E-03
+1.202500E-03,-804.020107E-03
+1.205000E-03,-1.206030160E+00
+1.207500E-03,-1.206030160E+00
+1.210000E-03,-1.206030160E+00
+1.212500E-03,-1.507537701E+00
+1.215000E-03,-1.206030160E+00
+1.217500E-03,-1.306532674E+00
+1.220000E-03,-1.206030160E+00
+1.222500E-03,-1.206030160E+00
+1.225000E-03,-1.206030160E+00
+1.227500E-03,-1.206030160E+00
+1.230000E-03,-1.206030161E+00
+1.232500E-03,-1.206030160E+00
+1.235000E-03,-1.206030160E+00
+1.237500E-03,-1.206030160E+00
+1.240000E-03,-1.206030160E+00
+1.242500E-03,-1.105527647E+00
+1.245000E-03,-1.005025134E+00
+1.247500E-03,-804.020107E-03
+1.250000E-03,-804.020107E-03
+1.252500E-03,-804.020107E-03
+1.255000E-03,-804.020107E-03
+1.257500E-03,-804.020107E-03
+1.260000E-03,-804.020106E-03
+1.262500E-03,-703.517594E-03
+1.265000E-03,-402.010053E-03
+1.267500E-03,-402.010053E-03
+1.270000E-03,-402.010053E-03
+1.272500E-03,-301.507540E-03
+1.275000E-03,-402.010053E-03
+1.277500E-03,-301.507540E-03
+1.280000E-03,-0.0E+00
+1.282500E-03,-402.010053E-03
+1.285000E-03,+0.0E+00
+1.287500E-03,+0.0E+00
+1.290000E-03,+0.0E+00
+1.292500E-03,+301.507540E-03
+1.295000E-03,+0.0E+00
+1.297500E-03,+402.010053E-03
+1.300000E-03,+402.010053E-03
+1.302500E-03,+100.502513E-03
+1.305000E-03,+402.010053E-03
+1.307500E-03,+402.010053E-03
+1.310000E-03,+402.010053E-03
+1.312500E-03,+402.010053E-03
+1.315000E-03,+603.015080E-03
+1.317500E-03,+402.010053E-03
+1.320000E-03,+804.020106E-03
+1.322500E-03,+502.512566E-03
+1.325000E-03,+603.015080E-03
+1.327500E-03,+402.010053E-03
+1.330000E-03,+402.010053E-03
+1.332500E-03,+100.502513E-03
+1.335000E-03,+402.010053E-03
+1.337500E-03,+402.010053E-03
+1.340000E-03,+402.010053E-03
+1.342500E-03,+402.010053E-03
+1.345000E-03,+201.005027E-03
+1.347500E-03,+100.502514E-03
+1.350000E-03,+402.010053E-03
+1.352500E-03,+100.502513E-03
+1.355000E-03,+0.0E+00
+1.357500E-03,+402.010053E-03
+1.360000E-03,-402.010053E-03
+1.362500E-03,+0.0E+00
+1.365000E-03,+0.0E+00
+1.367500E-03,+0.0E+00
+1.370000E-03,-0.0E+00
+1.372500E-03,-100.502513E-03
+1.375000E-03,-201.005027E-03
+1.377500E-03,-402.010053E-03
+1.380000E-03,-0.0E+00
+1.382500E-03,-402.010053E-03
+1.385000E-03,-402.010053E-03
+1.387500E-03,-402.010053E-03
+1.390000E-03,-804.020107E-03
+1.392500E-03,-703.517594E-03
+1.395000E-03,-603.015080E-03
+1.397500E-03,-703.517593E-03
+1.400000E-03,-402.010054E-03
+1.402500E-03,-804.020107E-03
+1.405000E-03,-804.020107E-03
+1.407500E-03,-804.020107E-03
+1.410000E-03,-804.020107E-03
+1.412500E-03,-804.020107E-03
+1.415000E-03,-603.015080E-03
+1.417500E-03,-502.512567E-03
+1.420000E-03,-402.010054E-03
+1.422500E-03,-804.020107E-03
+1.425000E-03,-804.020107E-03
+1.427500E-03,-804.020107E-03
+1.430000E-03,-804.020107E-03
+1.432500E-03,-804.020107E-03
+1.435000E-03,-603.015080E-03
+1.437500E-03,-804.020107E-03
+1.440000E-03,-1.206030159E+00
+1.442500E-03,-804.020107E-03
+1.445000E-03,-603.015080E-03
+1.447500E-03,-804.020107E-03
+1.450000E-03,-804.020106E-03
+1.452500E-03,-402.010053E-03
+1.455000E-03,-603.015080E-03
+1.457500E-03,-502.512567E-03
+1.460000E-03,-402.010054E-03
+1.462500E-03,-402.010053E-03
+1.465000E-03,-603.015080E-03
+1.467500E-03,-502.512567E-03
+1.470000E-03,-402.010053E-03
+1.472500E-03,-402.010053E-03
+1.475000E-03,-201.005026E-03
+1.477500E-03,-301.507540E-03
+1.480000E-03,-402.010053E-03
+1.482500E-03,-402.010053E-03
+1.485000E-03,+0.0E+00
+1.487500E-03,-301.507540E-03
+1.490000E-03,+402.010053E-03
+1.492500E-03,+0.0E+00
+1.495000E-03,-201.005026E-03
+1.497500E-03,+0.0E+00
+1.500000E-03,-0.0E+00
+1.502500E-03,+0.0E+00
+1.505000E-03,+201.005027E-03
+1.507500E-03,+0.0E+00
+1.510000E-03,+0.0E+00
+1.512500E-03,+100.502513E-03
+1.515000E-03,+201.005027E-03
+1.517500E-03,+301.507540E-03
+1.520000E-03,+402.010053E-03
+1.522500E-03,+100.502513E-03
+1.525000E-03,+402.010053E-03
+1.527500E-03,+402.010053E-03
+1.530000E-03,+0.0E+00
+1.532500E-03,+0.0E+00
+1.535000E-03,+0.0E+00
+1.537500E-03,+301.507540E-03
+1.540000E-03,+0.0E+00
+1.542500E-03,+0.0E+00
+1.545000E-03,+402.010053E-03
+1.547500E-03,+0.0E+00
+1.550000E-03,+0.0E+00
+1.552500E-03,+0.0E+00
+1.555000E-03,+0.0E+00
+1.557500E-03,+0.0E+00
+1.560000E-03,-0.0E+00
+1.562500E-03,+0.0E+00
+1.565000E-03,+0.0E+00
+1.567500E-03,+0.0E+00
+1.570000E-03,+0.0E+00
+1.572500E-03,+0.0E+00
+1.575000E-03,-201.005027E-03
+1.577500E-03,-402.010053E-03
+1.580000E-03,-402.010053E-03
+1.582500E-03,-402.010053E-03
+1.585000E-03,-402.010053E-03
+1.587500E-03,-402.010053E-03
+1.590000E-03,-402.010053E-03
+1.592500E-03,-402.010053E-03
+1.595000E-03,-402.010053E-03
+1.597500E-03,-402.010053E-03
+1.600000E-03,-804.020106E-03
+1.602500E-03,-402.010053E-03
+1.605000E-03,-603.015080E-03
+1.607500E-03,-703.517593E-03
+1.610000E-03,-804.020106E-03
+1.612500E-03,-703.517594E-03
+1.615000E-03,-603.015080E-03
+1.617500E-03,-502.512567E-03
+1.620000E-03,-804.020107E-03
+1.622500E-03,-703.517594E-03
+1.625000E-03,-402.010053E-03
+1.627500E-03,-804.020107E-03
+1.630000E-03,-804.020107E-03
+1.632500E-03,-502.512566E-03
+1.635000E-03,-603.015080E-03
+1.637500E-03,-804.020107E-03
+1.640000E-03,-402.010054E-03
+1.642500E-03,-502.512566E-03
+1.645000E-03,-603.015080E-03
+1.647500E-03,-804.020107E-03
+1.650000E-03,-804.020106E-03
+1.652500E-03,-402.010053E-03
+1.655000E-03,-402.010053E-03
+1.657500E-03,-502.512567E-03
+1.660000E-03,-402.010053E-03
+1.662500E-03,-402.010053E-03
+1.665000E-03,-402.010053E-03
+1.667500E-03,-402.010053E-03
+1.670000E-03,-402.010053E-03
+1.672500E-03,-402.010053E-03
+1.675000E-03,-402.010053E-03
+1.677500E-03,-301.507540E-03
+1.680000E-03,-0.0E+00
+1.682500E-03,-301.507540E-03
+1.685000E-03,-201.005027E-03
+1.687500E-03,-301.507540E-03
+1.690000E-03,-402.010053E-03
+1.692500E-03,-402.010053E-03
+1.695000E-03,+0.0E+00
+1.697500E-03,+0.0E+00
+1.700000E-03,-0.0E+00
+1.702500E-03,-100.502513E-03
+1.705000E-03,+0.0E+00
+1.707500E-03,+0.0E+00
+1.710000E-03,+0.0E+00
+1.712500E-03,+0.0E+00
+1.715000E-03,+0.0E+00
+1.717500E-03,+0.0E+00
+1.720000E-03,-402.010053E-03
+1.722500E-03,+0.0E+00
+1.725000E-03,+18.693467483E+00
+1.727500E-03,+18.894472510E+00
+1.730000E-03,+18.492462456E+00
+1.732500E-03,+18.090452403E+00
+1.735000E-03,+17.688442349E+00
+1.737500E-03,+16.984924756E+00
+1.740000E-03,+16.482412189E+00
+1.742500E-03,+15.376884542E+00
+1.745000E-03,+14.874371976E+00
+1.747500E-03,+13.768844329E+00
+1.750000E-03,+12.864321709E+00
+1.752500E-03,+11.959799089E+00
+1.755000E-03,+10.452261388E+00
+1.757500E-03,+9.648241282E+00
+1.760000E-03,+8.442211121E+00
+1.762500E-03,+7.236180961E+00
+1.765000E-03,+5.829145775E+00
+1.767500E-03,+4.522613101E+00
+1.770000E-03,+2.814070374E+00
+1.772500E-03,+1.708542726E+00
+1.775000E-03,+804.020107E-03
+1.777500E-03,-804.020107E-03
+1.780000E-03,-2.010050267E+00
+1.782500E-03,-3.216080427E+00
+1.785000E-03,-4.422110587E+00
+1.787500E-03,-5.628140748E+00
+1.790000E-03,-6.432160855E+00
+1.792500E-03,-7.638191015E+00
+1.795000E-03,-8.844221175E+00
+1.797500E-03,-9.949748821E+00
+1.800000E-03,-10.854271442E+00
+1.802500E-03,-11.658291548E+00
+1.805000E-03,-12.261306628E+00
+1.807500E-03,-12.864321709E+00
+1.810000E-03,-13.668341815E+00
+1.812500E-03,-14.070351869E+00
+1.815000E-03,-14.472361922E+00
+1.817500E-03,-14.874371976E+00
+1.820000E-03,-14.874371976E+00
+1.822500E-03,-14.974874489E+00
+1.825000E-03,-15.276382029E+00
+1.827500E-03,-15.276382029E+00
+1.830000E-03,-14.874371976E+00
+1.832500E-03,-14.773869463E+00
+1.835000E-03,-14.472361922E+00
+1.837500E-03,-14.170854383E+00
+1.840000E-03,-14.070351869E+00
+1.842500E-03,-13.266331762E+00
+1.845000E-03,-12.462311655E+00
+1.847500E-03,-11.758794062E+00
+1.850000E-03,-11.256281495E+00
+1.852500E-03,-10.251256361E+00
+1.855000E-03,-9.648241282E+00
+1.857500E-03,-8.542713635E+00
+1.860000E-03,-8.040201067E+00
+1.862500E-03,-7.236180961E+00
+1.865000E-03,-6.030150801E+00
+1.867500E-03,-4.824120641E+00
+1.870000E-03,-4.020100534E+00
+1.872500E-03,-2.814070374E+00
+1.875000E-03,-1.809045241E+00
+1.877500E-03,-804.020107E-03
+1.880000E-03,+402.010053E-03
+1.882500E-03,+1.206030160E+00
+1.885000E-03,+2.211055294E+00
+1.887500E-03,+3.015075400E+00
+1.890000E-03,+4.020100534E+00
+1.892500E-03,+4.824120641E+00
+1.895000E-03,+5.628140748E+00
+1.897500E-03,+6.130653315E+00
+1.900000E-03,+7.638191014E+00
+1.902500E-03,+8.040201068E+00
+1.905000E-03,+8.643216148E+00
+1.907500E-03,+9.246231228E+00
+1.910000E-03,+9.648241282E+00
+1.912500E-03,+10.050251335E+00
+1.915000E-03,+10.452261388E+00
+1.917500E-03,+10.854271442E+00
+1.920000E-03,+11.256281495E+00
+1.922500E-03,+11.256281495E+00
+1.925000E-03,+11.256281495E+00
+1.927500E-03,+11.658291548E+00
+1.930000E-03,+11.658291548E+00
+1.932500E-03,+11.256281495E+00
+1.935000E-03,+10.854271442E+00
+1.937500E-03,+10.854271442E+00
+1.940000E-03,+10.452261388E+00
+1.942500E-03,+10.050251335E+00
+1.945000E-03,+9.849246309E+00
+1.947500E-03,+9.246231228E+00
+1.950000E-03,+8.844221175E+00
+1.952500E-03,+8.140703581E+00
+1.955000E-03,+7.638191015E+00
+1.957500E-03,+6.834170908E+00
+1.960000E-03,+6.030150801E+00
+1.962500E-03,+5.628140748E+00
+1.965000E-03,+4.824120641E+00
+1.967500E-03,+4.020100534E+00
+1.970000E-03,+3.216080427E+00
+1.972500E-03,+2.412060320E+00
+1.975000E-03,+1.608040214E+00
+1.977500E-03,+804.020107E-03
+1.980000E-03,+0.0E+00
+1.982500E-03,-502.512566E-03
+1.985000E-03,-1.407035187E+00
+1.987500E-03,-2.311557807E+00
+1.990000E-03,-2.814070374E+00
+1.992500E-03,-3.718592993E+00
+1.995000E-03,-4.422110587E+00
+1.997500E-03,-4.924623155E+00
+2.000000E-03,-5.628140748E+00
+2.002500E-03,-6.331658341E+00
+2.005000E-03,-6.633165882E+00
+2.007500E-03,-7.236180961E+00
+2.010000E-03,-7.638191015E+00
+2.012500E-03,-8.040201068E+00
+2.015000E-03,-8.442211121E+00
+2.017500E-03,-8.844221175E+00
+2.020000E-03,-8.844221175E+00
+2.022500E-03,-9.246231228E+00
+2.025000E-03,-9.246231228E+00
+2.027500E-03,-9.346733742E+00
+2.030000E-03,-9.648241281E+00
+2.032500E-03,-9.547738769E+00
+2.035000E-03,-9.246231228E+00
+2.037500E-03,-9.145728714E+00
+2.040000E-03,-8.844221175E+00
+2.042500E-03,-8.442211121E+00
+2.045000E-03,-8.241206095E+00
+2.047500E-03,-7.738693528E+00
+2.050000E-03,-7.236180962E+00
+2.052500E-03,-7.236180961E+00
+2.055000E-03,-6.633165881E+00
+2.057500E-03,-6.030150801E+00
+2.060000E-03,-6.030150800E+00
+2.062500E-03,-5.125628181E+00
+2.065000E-03,-4.623115615E+00
+2.067500E-03,-4.020100534E+00
+2.070000E-03,-3.216080428E+00
+2.072500E-03,-2.914572887E+00
+2.075000E-03,-2.010050267E+00
+2.077500E-03,-1.306532674E+00
+2.080000E-03,-804.020107E-03
+2.082500E-03,-402.010053E-03
+2.085000E-03,+201.005027E-03
+2.087500E-03,+804.020107E-03
+2.090000E-03,+1.206030160E+00
+2.092500E-03,+2.010050267E+00
+2.095000E-03,+2.412060320E+00
+2.097500E-03,+3.216080427E+00
+2.100000E-03,+3.216080427E+00
+2.102500E-03,+4.020100534E+00
+2.105000E-03,+4.422110586E+00
+2.107500E-03,+4.924623155E+00
+2.110000E-03,+5.226130694E+00
+2.112500E-03,+5.628140748E+00
+2.115000E-03,+5.628140748E+00
+2.117500E-03,+6.030150801E+00
+2.120000E-03,+6.432160854E+00
+2.122500E-03,+6.432160854E+00
+2.125000E-03,+6.432160854E+00
+2.127500E-03,+6.834170908E+00
+2.130000E-03,+6.834170908E+00
+2.132500E-03,+6.834170908E+00
+2.135000E-03,+6.633165882E+00
+2.137500E-03,+6.834170908E+00
+2.140000E-03,+6.432160854E+00
+2.142500E-03,+6.130653314E+00
+2.145000E-03,+6.432160854E+00
+2.147500E-03,+5.929648287E+00
+2.150000E-03,+5.628140748E+00
+2.152500E-03,+5.527638235E+00
+2.155000E-03,+5.025125667E+00
+2.157500E-03,+4.824120641E+00
+2.160000E-03,+4.422110587E+00
+2.162500E-03,+3.919598021E+00
+2.165000E-03,+3.618090481E+00
+2.167500E-03,+3.216080427E+00
+2.170000E-03,+2.412060320E+00
+2.172500E-03,+2.010050267E+00
+2.175000E-03,+1.608040214E+00
+2.177500E-03,+1.306532674E+00
+2.180000E-03,+402.010054E-03
+2.182500E-03,+402.010053E-03
+2.185000E-03,-402.010053E-03
+2.187500E-03,-804.020107E-03
+2.190000E-03,-804.020107E-03
+2.192500E-03,-1.608040214E+00
+2.195000E-03,-2.010050267E+00
+2.197500E-03,-2.512562834E+00
+2.200000E-03,-2.814070374E+00
+2.202500E-03,-3.216080427E+00
+2.205000E-03,-3.618090481E+00
+2.207500E-03,-4.020100534E+00
+2.210000E-03,-4.422110587E+00
+2.212500E-03,-4.422110587E+00
+2.215000E-03,-4.824120641E+00
+2.217500E-03,-5.226130694E+00
+2.220000E-03,-5.628140747E+00
+2.222500E-03,-5.527638235E+00
+2.225000E-03,-5.628140748E+00
+2.227500E-03,-5.628140748E+00
+2.230000E-03,-5.628140748E+00
+2.232500E-03,-5.628140748E+00
+2.235000E-03,-5.628140748E+00
+2.237500E-03,-5.628140748E+00
+2.240000E-03,-5.628140748E+00
+2.242500E-03,-5.628140748E+00
+2.245000E-03,-5.427135721E+00
+2.247500E-03,-5.226130694E+00
+2.250000E-03,-4.824120641E+00
+2.252500E-03,-4.723618128E+00
+2.255000E-03,-4.623115615E+00
+2.257500E-03,-4.422110587E+00
+2.260000E-03,-4.020100534E+00
+2.262500E-03,-3.517587968E+00
+2.265000E-03,-3.417085453E+00
+2.267500E-03,-2.914572888E+00
+2.270000E-03,-2.814070374E+00
+2.272500E-03,-2.412060320E+00
+2.275000E-03,-2.010050267E+00
+2.277500E-03,-1.608040214E+00
+2.280000E-03,-1.206030161E+00
+2.282500E-03,-804.020107E-03
+2.285000E-03,-402.010053E-03
+2.287500E-03,+0.0E+00
+2.290000E-03,+1E-09
+2.292500E-03,+502.512566E-03
+2.295000E-03,+804.020107E-03
+2.297500E-03,+1.206030160E+00
+2.300000E-03,+1.608040214E+00
+2.302500E-03,+2.010050267E+00
+2.305000E-03,+2.412060320E+00
+2.307500E-03,+2.412060320E+00
+2.310000E-03,+2.412060320E+00
+2.312500E-03,+3.115577914E+00
+2.315000E-03,+3.216080427E+00
+2.317500E-03,+3.316582941E+00
+2.320000E-03,+3.618090481E+00
+2.322500E-03,+3.517587968E+00
+2.325000E-03,+3.618090481E+00
+2.327500E-03,+4.020100534E+00
+2.330000E-03,+4.020100534E+00
+2.332500E-03,+4.020100534E+00
+2.335000E-03,+4.020100534E+00
+2.337500E-03,+4.020100534E+00
+2.340000E-03,+4.020100533E+00
+2.342500E-03,+4.020100534E+00
+2.345000E-03,+3.819095508E+00
+2.347500E-03,+3.718592994E+00
+2.350000E-03,+3.618090481E+00
+2.352500E-03,+3.618090481E+00
+2.355000E-03,+3.216080427E+00
+2.357500E-03,+3.115577913E+00
+2.360000E-03,+2.814070374E+00
+2.362500E-03,+2.713567861E+00
+2.365000E-03,+2.412060320E+00
+2.367500E-03,+2.412060320E+00
+2.370000E-03,+1.608040214E+00
+2.372500E-03,+1.608040214E+00
+2.375000E-03,+1.206030160E+00
+2.377500E-03,+1.206030160E+00
+2.380000E-03,+804.020107E-03
+2.382500E-03,+402.010053E-03
+2.385000E-03,+201.005026E-03
+2.387500E-03,-402.010053E-03
+2.390000E-03,-402.010053E-03
+2.392500E-03,-804.020107E-03
+2.395000E-03,-1.206030160E+00
+2.397500E-03,-1.206030160E+00
+2.400000E-03,-1.608040214E+00
+2.402500E-03,-2.010050267E+00
+2.405000E-03,-2.010050267E+00
+2.407500E-03,-2.010050267E+00
+2.410000E-03,-2.412060320E+00
+2.412500E-03,-2.412060320E+00
+2.415000E-03,-2.814070374E+00
+2.417500E-03,-2.814070374E+00
+2.420000E-03,-3.216080427E+00
+2.422500E-03,-3.216080427E+00
+2.425000E-03,-3.417085453E+00
+2.427500E-03,-3.517587967E+00
+2.430000E-03,-3.618090481E+00
+2.432500E-03,-3.618090481E+00
+2.435000E-03,-3.417085453E+00
+2.437500E-03,-3.618090481E+00
+2.440000E-03,-3.618090480E+00
+2.442500E-03,-3.618090481E+00
+2.445000E-03,-3.417085453E+00
+2.447500E-03,-3.618090481E+00
+2.450000E-03,-3.618090480E+00
+2.452500E-03,-3.216080427E+00
+2.455000E-03,-3.216080427E+00
+2.457500E-03,-2.814070374E+00
+2.460000E-03,-2.814070374E+00
+2.462500E-03,-2.814070374E+00
+2.465000E-03,-2.412060320E+00
+2.467500E-03,-2.311557806E+00
+2.470000E-03,-2.010050268E+00
+2.472500E-03,-1.909547754E+00
+2.475000E-03,-1.608040214E+00
+2.477500E-03,-1.608040214E+00
+2.480000E-03,-1.206030160E+00
+2.482500E-03,-804.020107E-03
+2.485000E-03,-603.015079E-03
+2.487500E-03,-402.010053E-03
+2.490000E-03,-402.010053E-03
+2.492500E-03,+0.0E+00
+2.495000E-03,+0.0E+00
+2.497500E-03,+402.010053E-03
